Device_ID,Timestamp,Steps,Heart_Rate,Calories_Burned,Exercise_Duration,Activity_Label,Activity_Confidence,Temperature,Location
Device_2,2024-11-01 00:00:00,1484,67,102,55,Walking,0.9893585731023204,24.94301727307009,Gym
Device_1,2024-11-01 00:15:00,1255,102,197,40,Running,0.8996341890954258,29.720179513698064,Track
Device_9,2024-11-01 00:52:00,149,104,277,35,Walking,0.8769319116276612,28.696675128382658,Track
Device_7,2024-11-01 00:45:00,2940,98,426,16,Cycling,0.9165013183371696,23.353118256189063,Classroom
Device_9,2024-11-01 00:48:00,3227,140,233,20,Walking,0.8845249056550106,22.060292842704282,Park
Device_10,2024-11-01 01:55:00,1432,89,405,48,Running,0.9865025830569318,28.14272595980577,Track
Device_9,2024-11-01 02:48:00,3713,164,144,51,Walking,0.8887327558943945,28.840141978438886,Gym
Device_9,2024-11-01 03:09:00,4582,79,339,47,Running,0.9801411830867472,26.553138561680377,Classroom
Device_6,2024-11-01 02:16:00,3781,110,230,51,Sedentary,0.8602632453937823,24.852890337448546,Gym
Device_6,2024-11-01 02:15:00,3652,101,165,10,Running,0.9627184951195482,21.81767148893606,Classroom
Device_8,2024-11-01 04:00:00,4548,132,60,53,Sedentary,0.8749199980598337,29.40437365970669,Gym
Device_4,2024-11-01 04:24:00,1389,93,464,49,Walking,0.9601520791025677,27.868750610453212,Classroom
Device_7,2024-11-01 02:00:00,1177,158,349,43,Cycling,0.9242817052439397,20.476056560943178,Track
Device_5,2024-11-01 02:10:00,3039,159,357,51,Cycling,0.9971109135330398,20.940606886646872,Gym
Device_10,2024-11-01 06:32:00,372,76,76,24,Sedentary,0.8874462768902478,27.6100389577756,Track
Device_6,2024-11-01 07:15:00,2286,138,292,36,Walking,0.8993416092490394,20.391492482399453,Classroom
Device_8,2024-11-01 05:04:00,1106,98,167,46,Sedentary,0.9067384990309623,25.984482049716554,Gym
Device_4,2024-11-01 04:32:00,864,132,497,42,Cycling,0.8744733569711698,29.011191193476108,Park
Device_8,2024-11-01 04:12:00,4063,168,180,57,Sedentary,0.906367808625955,26.83001637089238,Classroom
Device_7,2024-11-01 03:10:00,2585,143,430,23,Sedentary,0.984190838101989,29.909542107977835,Park
Device_1,2024-11-01 09:00:00,4919,148,122,52,Cycling,0.9808264231447699,21.73410270166565,Park
Device_6,2024-11-01 05:15:00,3101,119,169,59,Running,0.8623727749834857,22.104769967023593,Park
Device_2,2024-11-01 04:46:00,2869,63,216,44,Sedentary,0.9234808113769711,25.710506409017828,Classroom
Device_10,2024-11-01 09:35:00,987,76,466,50,Walking,0.9674663676543479,21.392275558278786,Track
Device_9,2024-11-01 07:36:00,84,87,386,15,Running,0.9188163155907683,26.369735791442814,Gym
Device_7,2024-11-01 09:10:00,387,172,400,22,Cycling,0.9586176318449797,28.41175445451914,Park
Device_10,2024-11-01 11:42:00,2991,169,374,42,Walking,0.8876434218238217,23.707052223089857,Park
Device_7,2024-11-01 11:15:00,4984,150,206,46,Running,0.9295021726967037,26.566037942669173,Park
Device_5,2024-11-01 09:48:00,1650,111,282,31,Sedentary,0.8503096478194383,24.179710857718717,Park
Device_9,2024-11-01 04:50:00,3101,168,219,29,Sedentary,0.9460619949618408,27.737632936968524,Classroom
Device_10,2024-11-01 14:30:00,919,133,151,50,Running,0.937351357533265,26.424687782397488,Track
Device_2,2024-11-01 08:47:00,118,145,293,56,Walking,0.8736305591534874,23.967839170643966,Classroom
Device_2,2024-11-01 13:20:00,3780,83,222,23,Walking,0.9740152809397241,24.41260605530005,Park
Device_4,2024-11-01 11:00:00,675,157,229,43,Cycling,0.9339192342860211,22.03540118878277,Park
Device_1,2024-11-01 14:10:00,1572,80,66,17,Sedentary,0.8680400840828728,25.8349595907573,Classroom
Device_3,2024-11-01 10:30:00,4578,146,71,53,Sedentary,0.9510420590736639,29.164565571642278,Track
Device_6,2024-11-01 09:00:00,1368,131,495,54,Sedentary,0.9012121287031232,28.487884803437694,Gym
Device_9,2024-11-01 09:15:00,1744,114,423,53,Walking,0.9417432904520969,27.144993682100623,Track
Device_2,2024-11-01 10:08:00,4574,141,289,39,Running,0.877318694254771,22.668086048902747,Classroom
Device_1,2024-11-01 07:09:00,1911,131,232,22,Cycling,0.9844132972621321,22.408182260162185,Gym
Device_2,2024-11-01 13:20:00,1334,116,198,26,Cycling,0.953142744579861,24.00148173547307,Track
Device_10,2024-11-01 15:02:00,3939,68,80,14,Sedentary,0.9705806440222776,28.255160214428322,Classroom
Device_3,2024-11-01 21:00:00,648,92,152,26,Running,0.8846153381754508,23.24950433746169,Gym
Device_8,2024-11-01 20:47:00,4020,72,472,54,Walking,0.9990086923218338,21.100066900850756,Park
Device_3,2024-11-01 18:20:00,3005,99,352,21,Running,0.9253176898856623,23.074531771211994,Track
Device_3,2024-11-01 17:15:00,615,108,198,53,Sedentary,0.9082818247647397,27.59182119225691,Classroom
Device_7,2024-11-01 13:48:00,2188,121,231,20,Cycling,0.9319370542179233,20.88451914875743,Gym
Device_9,2024-11-01 11:45:00,3673,118,298,54,Walking,0.8975188213354938,28.97983176925962,Classroom
Device_6,2024-11-01 18:24:00,3305,156,497,26,Cycling,0.8977915345745644,24.54416586713048,Classroom
Device_10,2024-11-01 21:14:00,980,148,399,19,Walking,0.9806174243345904,29.410932593349308,Gym
Device_6,2024-11-01 21:40:00,1386,130,50,35,Sedentary,0.8837336585528694,22.28096288838662,Classroom
Device_2,2024-11-02 01:30:00,3538,122,102,37,Walking,0.9717700006825468,28.602552061832526,Classroom
Device_5,2024-11-01 22:32:00,4726,157,451,31,Walking,0.9512116151834207,20.560385616842005,Gym
Device_6,2024-11-01 22:58:00,1313,107,147,39,Sedentary,0.9052755874326512,28.743648044902372,Track
Device_2,2024-11-01 15:18:00,1562,118,467,23,Cycling,0.8920157639730248,23.308072197487363,Gym
Device_1,2024-11-01 18:20:00,2015,168,454,23,Running,0.9903379578401739,23.010831520739767,Track
Device_2,2024-11-01 10:16:00,2813,139,162,18,Running,0.98464347601555,29.59227461420031,Park
Device_7,2024-11-02 01:39:00,2551,112,440,41,Cycling,0.8804536143111185,27.799071960393654,Gym
Device_9,2024-11-01 12:34:00,3038,177,247,21,Walking,0.9017429468835388,26.796479656674578,Park
Device_9,2024-11-01 09:50:00,2934,99,401,48,Sedentary,0.9242530871499055,23.613734674214033,Park
Device_10,2024-11-01 16:00:00,1175,75,318,25,Sedentary,0.9678164863107459,22.322883043857026,Track
Device_6,2024-11-02 02:26:00,796,119,141,50,Sedentary,0.9832028733289777,23.779265156774017,Park
Device_3,2024-11-01 12:24:00,3700,69,496,15,Running,0.8736820086899278,28.598662950315887,Gym
Device_2,2024-11-02 02:15:00,3528,134,352,26,Sedentary,0.9825935928597211,26.973197951080614,Classroom
Device_1,2024-11-02 03:44:00,2711,144,310,23,Cycling,0.8801412411399502,21.796311286616167,Track
Device_4,2024-11-02 04:10:00,1179,179,436,53,Sedentary,0.8691111959324874,23.075858588310773,Classroom
Device_4,2024-11-02 06:48:00,4926,153,297,30,Cycling,0.8960453424869422,20.139825270306982,Gym
Device_10,2024-11-01 20:06:00,969,64,218,29,Walking,0.9012542467323246,23.69867641471803,Gym
Device_2,2024-11-02 03:12:00,3307,92,267,44,Walking,0.9904585245349027,27.355790487798668,Track
Device_2,2024-11-01 18:24:00,1485,130,125,17,Walking,0.9745291084878294,28.785807354007414,Park
Device_2,2024-11-01 23:20:00,621,167,344,12,Walking,0.9732045152920991,25.97288424818516,Gym
Device_6,2024-11-02 00:51:00,1237,90,86,43,Cycling,0.9753431445597119,26.956975917417367,Track
Device_9,2024-11-02 00:00:00,2555,161,252,12,Sedentary,0.8704365364100874,23.96017353647353,Park
Device_1,2024-11-02 08:51:00,3111,95,69,59,Running,0.9336133626346333,24.63540179414425,Track
Device_8,2024-11-02 10:32:00,4798,168,233,10,Running,0.9697509997289413,26.279414164373296,Track
Device_2,2024-11-01 16:15:00,1248,99,313,21,Walking,0.9564571534098065,28.625177664229277,Classroom
Device_7,2024-11-02 00:04:00,2468,95,428,59,Sedentary,0.8889979330913033,20.340704801569224,Classroom
Device_10,2024-11-02 05:31:00,251,119,285,21,Sedentary,0.9372539050794029,20.811853484429843,Park
Device_8,2024-11-01 15:36:00,1563,134,435,40,Walking,0.9570958041260174,26.87630004032986,Classroom
Device_2,2024-11-02 06:17:00,527,62,415,51,Cycling,0.923728771840641,24.983038636623952,Track
Device_10,2024-11-02 01:20:00,1692,113,177,28,Cycling,0.8540313615430216,29.241273335327627,Classroom
Device_4,2024-11-02 00:18:00,932,94,292,11,Walking,0.853390879432126,29.12990772470503,Track
Device_4,2024-11-02 12:54:00,3883,101,68,59,Cycling,0.8642538531674608,28.511006968771564,Track
Device_3,2024-11-01 22:08:00,3192,99,438,10,Running,0.8903572990067093,27.90415763105082,Park
Device_5,2024-11-02 16:36:00,102,144,478,54,Running,0.9190388738535128,22.13108854819406,Track
Device_3,2024-11-01 17:00:00,4817,152,203,17,Sedentary,0.9119641713017418,20.650769623566003,Track
Device_2,2024-11-01 22:56:00,80,70,285,30,Sedentary,0.949003680829445,25.34219192043624,Gym
Device_2,2024-11-02 00:39:00,4990,103,316,24,Sedentary,0.8781576010768745,24.60350479628578,Park
Device_7,2024-11-02 03:52:00,3689,64,230,35,Cycling,0.8881251827718813,27.15346869085181,Track
Device_10,2024-11-02 13:05:00,3317,147,422,34,Running,0.895628075637643,26.94618150988041,Track
Device_10,2024-11-01 18:00:00,2663,69,402,28,Cycling,0.9403693351544947,20.318603953369234,Gym
Device_4,2024-11-02 09:22:00,785,90,448,48,Running,0.8690691677896096,23.640770412916282,Classroom
Device_6,2024-11-02 05:08:00,2334,94,228,14,Cycling,0.9358466784296346,23.014357239088863,Gym
Device_5,2024-11-01 20:09:00,3806,174,262,29,Walking,0.9294734176230401,26.55810010566279,Classroom
Device_6,2024-11-02 18:18:00,1184,124,346,34,Cycling,0.95440248890215,22.819671214948077,Park
Device_10,2024-11-02 02:55:00,3435,135,337,37,Walking,0.8707384259911798,21.310031363202395,Track
Device_1,2024-11-02 08:00:00,4406,72,293,26,Cycling,0.9870562234556655,24.03919355940768,Classroom
Device_10,2024-11-03 00:30:00,3270,114,254,35,Walking,0.9386539842290726,20.867018888544273,Park
Device_10,2024-11-01 21:14:00,852,96,214,35,Walking,0.9247078931608371,20.69731116188359,Gym
Device_6,2024-11-02 02:24:00,4895,69,354,19,Walking,0.9483189998176397,26.096175706560327,Track
Device_2,2024-11-02 09:20:00,3404,106,354,48,Running,0.9028221989082358,23.941276506429638,Track
Device_8,2024-11-02 13:02:00,3416,119,90,40,Sedentary,0.904002236630644,24.157564368897017,Gym
Device_2,2024-11-01 18:42:00,3894,131,446,41,Cycling,0.979176944690371,23.816872516761073,Classroom
Device_10,2024-11-02 17:12:00,3905,136,355,13,Walking,0.8761737486569302,20.915626474767222,Track
Device_6,2024-11-01 20:48:00,1937,168,84,24,Sedentary,0.977453306755995,29.13121710880131,Park
Device_3,2024-11-02 18:00:00,2124,130,446,25,Running,0.8659758861072848,21.914087938979314,Park
Device_3,2024-11-02 00:44:00,4652,126,378,43,Sedentary,0.9236535594063224,23.234788145188208,Track
Device_7,2024-11-02 13:27:00,1800,140,434,20,Walking,0.9374330131880741,25.799792889071135,Park
Device_9,2024-11-02 08:24:00,1747,169,315,38,Cycling,0.9773794312744293,27.193840374202928,Gym
Device_10,2024-11-02 17:47:00,4712,173,169,48,Cycling,0.9740288297622238,24.338723920125915,Track
Device_4,2024-11-02 05:20:00,3529,102,101,20,Walking,0.8738255457976628,24.428091694902484,Gym
Device_7,2024-11-01 20:21:00,4233,135,212,18,Walking,0.9974485487093678,23.73817799954215,Classroom
Device_4,2024-11-02 04:00:00,4659,108,123,14,Walking,0.9048010935468138,26.71701492171954,Park
Device_2,2024-11-02 11:47:00,2649,177,234,12,Sedentary,0.9110932252335079,25.70139620533166,Classroom
Device_2,2024-11-02 02:36:00,4604,144,207,51,Sedentary,0.8549556032869507,26.308387575863218,Track
Device_9,2024-11-02 14:20:00,4491,80,216,42,Walking,0.8985299451230276,25.676700667498228,Track
Device_10,2024-11-03 02:16:00,2109,74,223,46,Sedentary,0.9589926010867476,22.236420655376776,Gym
Device_3,2024-11-02 18:54:00,3099,90,140,13,Walking,0.8693005179887247,24.59981951525176,Classroom
Device_5,2024-11-02 05:30:00,2610,77,492,30,Walking,0.9899182103593405,23.49190355934839,Track
Device_6,2024-11-02 09:43:00,3393,60,198,25,Walking,0.9425233573086474,28.872529267532087,Track
Device_7,2024-11-03 04:00:00,4609,65,66,17,Walking,0.9187035023164837,27.12103716948573,Track
Device_8,2024-11-02 12:18:00,3205,88,116,58,Walking,0.8632285013918058,25.66321765201435,Track
Device_2,2024-11-02 12:36:00,1590,166,72,54,Walking,0.9791898397417859,23.957822120588165,Gym
Device_9,2024-11-02 19:03:00,4936,108,437,46,Running,0.8972029089371947,26.28489417086763,Gym
Device_6,2024-11-03 01:36:00,1123,136,359,55,Running,0.932991736654413,20.984296815385576,Classroom
Device_7,2024-11-02 17:40:00,1924,92,213,56,Running,0.888668449585035,21.918023670670376,Track
Device_2,2024-11-02 01:12:00,1769,76,154,21,Cycling,0.96965660044268,21.92909223444708,Track
Device_10,2024-11-02 18:20:00,1787,81,257,26,Cycling,0.9223388276405371,24.208270282143644,Track
Device_10,2024-11-01 23:28:00,2018,84,383,13,Walking,0.8968787472178411,24.309223181452303,Track
Device_9,2024-11-03 05:45:00,1661,89,177,40,Running,0.949613261628183,23.053718111342175,Gym
Device_1,2024-11-02 19:20:00,291,112,451,32,Walking,0.9434854577837453,29.639871505198915,Track
Device_7,2024-11-03 00:02:00,4288,66,352,45,Cycling,0.9999366732482685,20.49547705966419,Track
Device_3,2024-11-01 22:00:00,2505,73,250,14,Walking,0.851471994116185,26.08296385282817,Gym
Device_2,2024-11-03 14:04:00,96,66,116,38,Walking,0.9194660712005452,26.035351079568816,Park
Device_3,2024-11-03 07:50:00,31,139,382,11,Walking,0.9519993535866405,20.856806170106488,Park
Device_10,2024-11-01 22:30:00,4477,173,213,32,Running,0.8969908769677303,23.603760162910486,Track
Device_9,2024-11-03 04:08:00,798,86,60,13,Sedentary,0.8677056845387381,22.33758708258033,Park
Device_2,2024-11-02 23:57:00,1056,163,484,54,Cycling,0.8929551377277779,29.265888561573234,Gym
Device_4,2024-11-02 22:00:00,2941,89,106,22,Walking,0.8832342732297709,25.123668088080024,Track
Device_5,2024-11-02 06:07:00,255,126,448,43,Running,0.9431562660586899,26.880350016366982,Classroom
Device_8,2024-11-03 22:00:00,927,125,50,31,Cycling,0.8813960816070814,27.572938252715584,Classroom
Device_8,2024-11-02 04:12:00,1290,74,395,43,Cycling,0.8769736960980473,20.439824059006543,Track
Device_3,2024-11-03 15:54:00,3833,137,447,54,Running,0.8736148467094917,22.051550090935052,Track
Device_10,2024-11-02 02:13:00,3627,160,393,15,Sedentary,0.9990396937414672,29.170344430316852,Park
Device_1,2024-11-03 04:48:00,3196,129,101,21,Sedentary,0.9805331639010259,26.052460753059275,Gym
Device_4,2024-11-03 00:20:00,4380,81,381,22,Running,0.9749107278559548,21.21359751817703,Park
Device_6,2024-11-03 00:40:00,2596,141,129,24,Walking,0.8759935959256332,26.928053696691546,Classroom
Device_8,2024-11-03 13:15:00,4006,151,252,53,Sedentary,0.962733829926694,27.476334587238995,Track
Device_5,2024-11-02 17:56:00,2155,124,213,20,Running,0.8536921329079871,27.362089658363693,Gym
Device_7,2024-11-02 15:44:00,557,161,497,29,Sedentary,0.950528815243857,25.635707807568398,Gym
Device_8,2024-11-03 04:30:00,3096,174,108,25,Cycling,0.9149920037634943,22.33572669422397,Park
Device_9,2024-11-03 14:55:00,3680,124,401,22,Walking,0.9680409145659694,28.998326284485326,Gym
Device_9,2024-11-03 02:40:00,1835,96,394,27,Walking,0.9783983033468122,29.979186016710454,Park
Device_8,2024-11-02 19:21:00,3245,64,55,19,Walking,0.9201584840306841,26.01241833313695,Track
Device_8,2024-11-03 00:46:00,604,146,349,21,Walking,0.9084594010733176,23.79842166280782,Gym
Device_8,2024-11-03 01:05:00,4292,82,313,44,Sedentary,0.9806963466760495,25.32811103669539,Gym
Device_7,2024-11-03 04:00:00,1975,100,215,34,Cycling,0.9312071463345597,29.870067444354397,Gym
Device_6,2024-11-02 15:15:00,4162,116,138,40,Sedentary,0.904996168049148,21.24381344791248,Park
Device_2,2024-11-04 07:00:00,4283,65,267,54,Walking,0.8750218096573078,28.580992840577736,Classroom
Device_6,2024-11-03 05:00:00,653,134,211,18,Running,0.9711961127097533,28.254979740173937,Park
Device_10,2024-11-04 05:20:00,2279,130,270,38,Sedentary,0.9158151776329005,27.796451613923647,Park
Device_3,2024-11-03 02:59:00,4010,158,387,16,Cycling,0.8563585523902579,23.73689751623835,Park
Device_1,2024-11-04 09:00:00,3779,113,153,10,Walking,0.891158293208964,23.753417612816307,Gym
Device_3,2024-11-03 06:20:00,4924,101,298,39,Sedentary,0.8836839806538094,29.75273118993925,Park
Device_2,2024-11-02 03:20:00,1833,69,337,36,Walking,0.9137145166723438,28.30660904214811,Classroom
Device_3,2024-11-03 07:00:00,960,103,413,10,Walking,0.855053448982735,28.013432580134726,Classroom
Device_7,2024-11-03 23:56:00,4127,82,63,23,Running,0.8754316008645024,24.275456551016234,Gym
Device_9,2024-11-02 09:24:00,3967,124,148,45,Running,0.9825263982417466,28.407612315514903,Gym
Device_1,2024-11-03 10:48:00,2843,74,335,36,Running,0.8929236076700279,20.411963088591364,Gym
Device_9,2024-11-03 19:36:00,4974,177,132,15,Cycling,0.9852508391241811,21.482861403979644,Park
Device_9,2024-11-03 22:50:00,2354,123,375,32,Walking,0.969690541224895,27.72559838115653,Gym
Device_9,2024-11-04 02:06:00,145,142,370,18,Running,0.9414751185593135,25.95435966533808,Classroom
Device_6,2024-11-02 21:52:00,4827,95,491,45,Sedentary,0.8636587990322251,22.66952464294839,Park
Device_2,2024-11-02 10:36:00,4966,162,119,38,Cycling,0.9055129838181799,28.58011473490753,Park
Device_8,2024-11-02 10:48:00,4025,110,200,29,Sedentary,0.9674132967442074,24.230588771626064,Track
Device_10,2024-11-02 22:40:00,4373,94,441,43,Sedentary,0.9798893689183164,27.266124977341924,Track
Device_10,2024-11-04 04:16:00,1521,109,423,40,Sedentary,0.9142604397330452,25.065138652364176,Classroom
Device_9,2024-11-02 14:21:00,436,95,474,11,Running,0.9611370459611291,28.59330060452232,Gym
Device_5,2024-11-04 02:10:00,1427,65,128,51,Cycling,0.8611155999538244,20.402046379980447,Park
Device_1,2024-11-04 17:30:00,2908,150,351,29,Sedentary,0.8569947289704042,21.60845267211653,Classroom
Device_6,2024-11-04 00:00:00,4645,78,199,28,Walking,0.8512098935267148,24.626748285321412,Classroom
Device_9,2024-11-02 18:14:00,4301,150,87,49,Walking,0.8891456736209935,24.25998596172107,Track
Device_8,2024-11-03 21:46:00,3189,74,309,12,Sedentary,0.9257087682830256,28.634589519868292,Classroom
Device_7,2024-11-02 15:39:00,341,148,412,10,Sedentary,0.9151000433304751,26.07092091908693,Track
Device_4,2024-11-02 15:52:00,1421,111,313,22,Running,0.9579967213402906,27.64881362685584,Gym
Device_9,2024-11-03 13:40:00,605,103,331,49,Walking,0.9183304851614598,25.15064661052504,Gym
Device_4,2024-11-04 17:54:00,3546,82,427,28,Cycling,0.960390539801444,21.71086868026955,Park
Device_6,2024-11-04 12:09:00,2698,101,119,45,Running,0.933397531934545,21.936930466176722,Park
Device_7,2024-11-04 12:36:00,749,80,449,36,Cycling,0.8964147877677714,21.089525496046697,Park
Device_6,2024-11-04 13:03:00,771,176,259,18,Sedentary,0.9105679186948862,26.606995666396728,Park
Device_7,2024-11-03 18:30:00,2738,126,137,37,Walking,0.999925606289967,24.884737600429272,Park
Device_1,2024-11-03 22:02:00,3869,152,152,46,Sedentary,0.913238728771132,22.2816339955238,Classroom
Device_2,2024-11-04 17:36:00,3149,151,427,18,Sedentary,0.9211241302228669,27.572941368867657,Classroom
Device_3,2024-11-03 06:41:00,2194,95,360,20,Sedentary,0.9084405012722135,26.24948468058023,Track
Device_2,2024-11-03 10:12:00,2067,139,242,48,Walking,0.8778906829440958,21.621066359131188,Gym
Device_8,2024-11-03 10:30:00,21,138,318,32,Sedentary,0.9242543806525427,26.581181909708768,Classroom
Device_7,2024-11-03 20:36:00,593,126,139,16,Running,0.9984186397057109,27.200209832248763,Park
Device_10,2024-11-04 06:48:00,962,82,175,58,Sedentary,0.9146671543926939,27.832462000084334,Gym
Device_2,2024-11-05 03:00:00,4139,168,233,44,Cycling,0.8526374650213443,29.694704528978242,Gym
Device_9,2024-11-03 08:23:00,1878,124,282,38,Cycling,0.9978206181094438,22.35291439323294,Park
Device_10,2024-11-03 08:40:00,2356,124,445,11,Running,0.8906339232137277,23.79413952695138,Track
Device_7,2024-11-04 11:45:00,2626,90,221,35,Cycling,0.9185794322938184,21.593185852503392,Gym
Device_2,2024-11-02 16:24:00,1242,149,406,34,Sedentary,0.9279258423612877,28.47442736598532,Park
Device_2,2024-11-04 15:58:00,3153,139,220,36,Running,0.8678244633900885,28.298053836752885,Gym
Device_6,2024-11-03 09:48:00,3392,127,268,47,Sedentary,0.8976511979298573,26.93486077390076,Track
Device_6,2024-11-04 16:50:00,137,161,297,23,Sedentary,0.9630578603775032,21.424687741096047,Gym
Device_3,2024-11-04 00:06:00,3335,101,70,31,Sedentary,0.9650312897787395,26.694906324484457,Track
Device_1,2024-11-05 04:03:00,1464,115,61,19,Cycling,0.8667299565749045,25.38911269884695,Park
Device_6,2024-11-03 00:32:00,4794,151,376,34,Walking,0.8828317509063882,20.299656078653307,Park
Device_2,2024-11-02 21:17:00,193,118,137,52,Running,0.8534850772687974,29.770150134100426,Track
Device_3,2024-11-02 21:30:00,3160,127,432,54,Walking,0.9565775155858485,25.942962212130126,Gym
Device_7,2024-11-04 22:57:00,4187,99,429,58,Running,0.9060215925478318,29.81841945105292,Park
Device_6,2024-11-04 23:24:00,3768,165,96,26,Walking,0.9899623455538384,20.610833802167008,Track
Device_2,2024-11-05 06:57:00,2187,78,316,26,Running,0.9395965772256717,22.809771777502434,Track
Device_7,2024-11-03 12:38:00,3043,145,122,21,Running,0.9017706128634823,26.443805275170746,Park
Device_8,2024-11-04 03:15:00,2531,84,435,58,Running,0.9469191691205708,22.20882660242943,Gym
Device_5,2024-11-04 21:36:00,508,62,76,26,Running,0.8856333106485524,28.297752589252465,Classroom
Device_7,2024-11-04 14:48:00,1449,138,256,15,Sedentary,0.9796031489266896,20.6141876448534,Classroom
Device_2,2024-11-03 02:52:00,989,130,286,49,Sedentary,0.9678150343102566,21.20725906604288,Gym
Device_5,2024-11-04 22:54:00,1955,179,52,35,Running,0.9775737167667213,21.89757864416734,Track
Device_9,2024-11-04 05:00:00,4515,94,219,48,Walking,0.8861404918239483,20.63523225321577,Track
Device_4,2024-11-03 21:59:00,1144,144,300,54,Cycling,0.8635979949287521,29.069759960493425,Park
Device_10,2024-11-02 13:00:00,2355,131,346,43,Cycling,0.8612148225308599,29.52402748885913,Classroom
Device_10,2024-11-05 04:21:00,2246,124,197,41,Running,0.8640470898897993,25.992438195848212,Classroom
Device_9,2024-11-02 17:04:00,3193,121,216,30,Sedentary,0.9189453407061438,27.80585634851861,Gym
Device_8,2024-11-05 16:30:00,447,91,213,47,Sedentary,0.9810406717015789,25.283561859542083,Classroom
Device_10,2024-11-05 09:28:00,2882,143,313,33,Walking,0.9799935823421653,27.233444964978688,Gym
Device_9,2024-11-03 01:11:00,3764,100,160,32,Running,0.9263661523479526,28.815734461815516,Gym
Device_1,2024-11-04 23:00:00,2768,177,225,32,Cycling,0.9103092883433196,24.741668026593644,Classroom
Device_9,2024-11-04 19:36:00,2687,116,331,16,Running,0.9406999288890077,29.966032290382678,Classroom
Device_9,2024-11-05 03:40:00,3996,175,290,27,Running,0.9374323679066106,28.11330738803904,Track
Device_3,2024-11-05 04:06:00,219,79,496,17,Running,0.8554609226957292,24.558601246226253,Park
Device_2,2024-11-02 14:40:00,118,83,250,36,Running,0.8815507586694139,25.222312167663844,Gym
Device_1,2024-11-03 18:01:00,4332,160,245,59,Cycling,0.8724751410661598,29.81845259220043,Track
Device_2,2024-11-05 17:06:00,1648,90,53,22,Cycling,0.9792295430320214,28.39400166370341,Gym
Device_7,2024-11-04 02:25:00,4734,175,247,12,Cycling,0.9243783711097964,21.31218585650999,Classroom
Device_3,2024-11-03 22:48:00,3075,108,101,35,Running,0.936913418981168,22.493282770668333,Gym
Device_4,2024-11-03 07:18:00,3203,85,82,39,Running,0.8836465652545761,26.077098207845744,Gym
Device_4,2024-11-03 23:24:00,3687,169,345,47,Sedentary,0.8994009349027927,25.585287403336288,Gym
Device_9,2024-11-02 23:48:00,4315,68,115,53,Running,0.8945502947125145,26.060171459745966,Park
Device_3,2024-11-05 12:00:00,4096,64,340,16,Walking,0.9594798875035634,22.80759943297597,Track
Device_2,2024-11-05 20:29:00,754,120,106,36,Walking,0.8626890797703077,24.414589983865035,Classroom
Device_10,2024-11-02 16:20:00,4590,156,156,41,Sedentary,0.9923350915614262,24.99782273272924,Classroom
Device_7,2024-11-02 16:30:00,1408,139,277,58,Walking,0.8679703053022748,25.422482013274667,Park
Device_3,2024-11-04 17:28:00,2364,116,152,29,Walking,0.899090962344655,21.45894132010268,Park
Device_9,2024-11-05 18:20:00,2951,105,207,51,Sedentary,0.8787103353951013,29.99351758574047,Track
Device_10,2024-11-05 02:24:00,2027,95,103,39,Walking,0.9404489078196411,28.4359202758631,Gym
Device_2,2024-11-05 06:55:00,247,95,264,20,Sedentary,0.9821522098014791,29.37398452688749,Track
Device_6,2024-11-06 04:00:00,160,78,468,13,Cycling,0.8675048325627351,22.23446341440112,Park
Device_4,2024-11-06 00:21:00,1710,142,156,28,Running,0.9706910953958581,22.58195243261928,Park
Device_7,2024-11-06 00:50:00,4342,78,109,10,Cycling,0.9800625306241512,22.33825108244193,Gym
Device_2,2024-11-05 00:13:00,359,145,293,33,Running,0.9888702020311613,25.745194403275974,Classroom
Device_7,2024-11-04 20:24:00,2539,83,362,32,Running,0.990962586090476,20.43870717013182,Classroom
Device_3,2024-11-03 19:28:00,986,133,130,24,Walking,0.9845389720330263,26.444600512462916,Track
Device_3,2024-11-02 22:34:00,26,145,446,13,Cycling,0.9791635846332198,26.823201539545437,Park
Device_8,2024-11-03 20:00:00,1793,99,456,12,Cycling,0.9713491926402261,24.695189764609538,Classroom
Device_2,2024-11-05 06:24:00,1974,163,372,29,Sedentary,0.8644608370777205,21.159436198029532,Gym
Device_4,2024-11-04 13:40:00,1784,120,338,34,Sedentary,0.9513687166155387,27.509074554567988,Track
Device_2,2024-11-05 07:12:00,674,139,155,26,Sedentary,0.9787263329733606,20.77700275941682,Classroom
Device_2,2024-11-06 09:30:00,995,140,138,27,Running,0.8659414764765019,27.855802152119086,Gym
Device_5,2024-11-03 21:20:00,4278,113,289,12,Sedentary,0.9796953364024662,28.4838598517114,Gym
Device_4,2024-11-05 12:45:00,412,87,75,22,Cycling,0.9572813508123332,29.979889917289636,Track
Device_8,2024-11-05 21:54:00,2407,78,407,45,Running,0.9955523191554039,23.29633251254872,Classroom
Device_2,2024-11-05 17:58:00,786,74,268,28,Walking,0.8680533629894471,26.415934892746506,Classroom
Device_9,2024-11-05 18:24:00,227,164,449,10,Sedentary,0.9517864802749398,26.21974110918144,Gym
Device_7,2024-11-06 08:05:00,61,154,225,33,Cycling,0.8979999658630222,20.942027554869533,Classroom
Device_3,2024-11-03 22:56:00,2138,122,345,28,Running,0.9883441941624399,20.436398814865314,Classroom
Device_2,2024-11-03 09:51:00,2399,90,103,54,Walking,0.9516984994681832,28.35165337979948,Classroom
Device_10,2024-11-04 03:56:00,2243,132,295,45,Walking,0.9144891383552283,20.50155663346956,Park
Device_3,2024-11-06 14:30:00,4874,117,253,29,Running,0.8826044505597066,28.684887009718793,Gym
Device_5,2024-11-04 18:00:00,4717,132,454,38,Sedentary,0.8762178627596824,23.780209247849978,Park
Device_7,2024-11-04 18:20:00,1175,163,74,47,Sedentary,0.8697821114111157,28.16961128171122,Classroom
Device_10,2024-11-03 10:56:00,4541,78,485,28,Cycling,0.9080876787834977,25.807672411385543,Gym
Device_7,2024-11-05 04:06:00,3212,104,414,34,Walking,0.9156552804300002,28.517723796594943,Track
Device_1,2024-11-03 02:14:00,4887,73,408,21,Sedentary,0.9416781640918964,20.764920028735876,Gym
Device_7,2024-11-06 03:45:00,4098,136,407,14,Walking,0.9508808846131971,27.997644408631622,Classroom
Device_7,2024-11-04 01:36:00,3266,167,373,46,Running,0.9789274540630535,28.278338692676904,Gym
Device_4,2024-11-04 06:29:00,393,114,187,45,Cycling,0.9475780492136354,20.934691958586356,Park
Device_3,2024-11-05 05:56:00,4728,167,188,28,Walking,0.8758615274017123,27.496200082230796,Gym
Device_8,2024-11-04 16:21:00,4016,144,131,17,Running,0.9349122552992634,22.11356912526987,Park
Device_5,2024-11-05 20:40:00,1959,112,289,50,Sedentary,0.891668868730595,23.18802204698967,Gym
Device_5,2024-11-02 22:50:00,3132,176,212,29,Sedentary,0.9437888127878877,28.02007796663267,Classroom
Device_6,2024-11-05 21:30:00,2634,68,116,35,Running,0.9240601530932558,28.286361966208812,Track
Device_2,2024-11-04 03:28:00,3753,75,210,36,Cycling,0.9718750979924807,26.102604502930046,Classroom
Device_8,2024-11-05 03:24:00,3314,143,310,50,Cycling,0.9568218569703759,27.315353355223614,Park
Device_10,2024-11-06 08:15:00,4631,113,331,13,Sedentary,0.965344341584001,24.21118738296519,Track
Device_2,2024-11-04 23:20:00,3617,88,328,18,Running,0.9768007695700579,23.0224730147376,Classroom
Device_4,2024-11-03 18:58:00,74,62,271,33,Walking,0.9766806657561636,27.471069825117006,Park
Device_9,2024-11-05 14:24:00,2663,156,308,38,Cycling,0.8836686433715712,28.47819274927204,Park
Device_6,2024-11-05 05:09:00,1901,170,88,56,Cycling,0.94669542615687,29.065234048032575,Park
Device_3,2024-11-03 10:00:00,4535,68,264,28,Walking,0.9958445047928685,22.119861937305828,Gym
Device_7,2024-11-05 20:24:00,1865,166,379,44,Cycling,0.9235916093553955,29.721176152828342,Gym
Device_5,2024-11-03 20:08:00,1489,114,75,38,Sedentary,0.9666166068153793,29.26649918389742,Classroom
Device_10,2024-11-04 15:54:00,280,70,283,11,Cycling,0.9434004279712177,22.172438471862908,Classroom
Device_1,2024-11-06 02:30:00,1919,72,251,51,Walking,0.9016337833434973,24.775860003599767,Park
Device_3,2024-11-06 12:45:00,3649,155,389,17,Sedentary,0.8683759468041964,27.770221592311735,Gym
Device_2,2024-11-05 07:36:00,1917,150,282,11,Cycling,0.937630826138024,22.3655068910412,Park
Device_1,2024-11-03 11:24:00,4459,144,256,38,Walking,0.9524975984591861,22.776101599829513,Track
Device_4,2024-11-05 18:14:00,1215,84,379,29,Walking,0.9104154153932414,26.489045195772437,Track
Device_8,2024-11-03 06:49:00,4489,108,283,56,Sedentary,0.9322344609911962,28.89777460730114,Park
Device_10,2024-11-06 15:00:00,135,160,230,39,Running,0.8672775770824562,24.769765883535126,Gym
Device_6,2024-11-06 10:26:00,3788,154,400,37,Sedentary,0.9716003495661836,20.212126546344575,Gym
Device_9,2024-11-07 01:58:00,3137,64,245,32,Running,0.8631407092153258,24.99314824214847,Park
Device_3,2024-11-05 20:09:00,3160,147,268,58,Cycling,0.9628964998611412,24.638126221392422,Gym
Device_10,2024-11-05 20:32:00,206,138,68,40,Running,0.943143342955914,23.49433900070275,Classroom
Device_8,2024-11-05 00:35:00,3133,152,238,28,Sedentary,0.9979563702477074,29.648706402034122,Gym
Device_4,2024-11-06 17:42:00,2924,93,326,39,Walking,0.9806033903623583,29.50864637591478,Track
Device_4,2024-11-04 14:59:00,4360,158,202,33,Sedentary,0.8909025929335637,23.568608624432862,Gym
Device_3,2024-11-03 08:28:00,982,126,413,28,Walking,0.9918144701781704,20.35206294175485,Track
Device_2,2024-11-03 08:39:00,3694,175,247,45,Cycling,0.9556922233147659,24.747079924584675,Classroom
Device_7,2024-11-06 14:20:00,1988,174,313,34,Cycling,0.9576721163235111,25.85683042631667,Park
Device_2,2024-11-04 21:18:00,893,153,316,43,Walking,0.9730583057981499,26.207157368342166,Gym
Device_9,2024-11-06 15:12:00,2459,132,441,27,Cycling,0.9168533264956351,20.411498382455502,Gym
Device_9,2024-11-03 19:49:00,3745,117,147,15,Walking,0.9398170318941853,29.42619363038382,Gym
Device_1,2024-11-05 08:40:00,1905,95,231,50,Walking,0.9348615302893327,29.335629639968058,Gym
Device_3,2024-11-03 15:00:00,1315,151,410,44,Walking,0.9960829486147791,29.547660589389416,Gym
Device_10,2024-11-06 16:56:00,3154,132,407,42,Running,0.987191983434673,23.592657704885745,Park
Device_9,2024-11-03 20:41:00,3059,86,404,36,Cycling,0.9420438956889,22.114490625967353,Gym
Device_8,2024-11-03 20:54:00,4770,131,239,27,Sedentary,0.8512448301796183,20.651388400900434,Gym
Device_10,2024-11-03 10:29:00,1191,177,232,41,Sedentary,0.8510038487690693,27.85422954357734,Track
Device_7,2024-11-07 16:00:00,3598,83,344,45,Walking,0.8699639456587467,29.405613527744173,Classroom
Device_4,2024-11-04 08:15:00,1071,72,392,34,Walking,0.9533951430092541,26.674704088149305,Gym
Device_2,2024-11-06 14:10:00,1542,75,493,48,Running,0.9127220452060191,23.41804467984498,Gym
Device_7,2024-11-03 16:36:00,2434,172,281,47,Sedentary,0.9736712755079809,28.51538819545729,Gym
Device_2,2024-11-06 04:12:00,3333,94,372,34,Cycling,0.9231487039771368,21.7734983073958,Track
Device_2,2024-11-05 17:45:00,3765,157,474,58,Cycling,0.9996586257717998,23.724614140037662,Park
Device_7,2024-11-04 04:04:00,1814,103,477,11,Running,0.893035888369783,23.659249820906936,Park
Device_7,2024-11-06 21:42:00,3791,151,62,29,Walking,0.8897323591817643,27.08222617052799,Gym
Device_4,2024-11-03 17:36:00,4398,171,316,47,Running,0.9016840900900592,26.271218955984867,Gym
Device_2,2024-11-03 17:48:00,1096,155,128,28,Running,0.9564660246340418,23.962985824985704,Classroom
Device_2,2024-11-05 14:00:00,582,118,456,29,Cycling,0.9273051801269405,24.171299243548955,Classroom
Device_8,2024-11-07 10:28:00,3548,167,423,29,Running,0.8625281668328967,20.038163341322765,Park
Device_10,2024-11-05 03:36:00,1245,106,452,42,Walking,0.865029257411716,26.620547697557704,Classroom
Device_6,2024-11-06 07:39:00,3658,125,434,20,Sedentary,0.9947946932672692,25.937482317769298,Track
Device_9,2024-11-03 13:14:00,4099,110,341,30,Walking,0.9778040016383395,23.711004416597486,Gym
Device_3,2024-11-04 22:55:00,2998,82,456,36,Running,0.9319633223973153,25.228376214073904,Park
Device_8,2024-11-08 00:00:00,1,81,285,44,Sedentary,0.8733656551103708,23.598395361592736,Park
Device_7,2024-11-03 08:10:00,117,132,459,12,Running,0.8692021931280114,26.94167515453362,Park
Device_4,2024-11-07 08:06:00,537,127,205,30,Walking,0.9411046989892774,25.462894633873677,Track
Device_3,2024-11-06 04:18:00,321,136,146,49,Cycling,0.945841433509715,29.04288312539117,Track
Device_2,2024-11-03 08:40:00,4156,85,178,47,Sedentary,0.9193670498961622,21.11951603821319,Classroom
Device_5,2024-11-05 00:37:00,1248,131,232,27,Walking,0.8948865550679337,24.732460392235154,Gym
Device_10,2024-11-04 13:30:00,926,94,239,30,Cycling,0.894342899263594,28.870927209013075,Track
Device_9,2024-11-04 02:19:00,2335,162,86,21,Running,0.895836065210996,24.299771882902732,Classroom
Device_5,2024-11-07 16:32:00,4449,69,477,26,Walking,0.8754436542994655,26.801046444319496,Classroom
Device_3,2024-11-05 01:45:00,597,134,472,49,Sedentary,0.9298326912393622,26.659541153873292,Park
Device_6,2024-11-03 09:40:00,3173,91,136,29,Cycling,0.9421477302527287,29.79503801040909,Classroom
Device_3,2024-11-05 02:19:00,3751,146,197,16,Running,0.9154649610182741,24.91945022141449,Track
Device_1,2024-11-07 01:00:00,4384,162,313,33,Walking,0.9177817138688781,25.110764071083313,Park
Device_4,2024-11-05 20:20:00,760,150,322,31,Walking,0.9457913781738171,22.479520728707186,Gym
Device_5,2024-11-04 09:40:00,3573,106,422,49,Sedentary,0.9193843949348511,28.14955393485765,Park
Device_3,2024-11-06 14:33:00,535,160,119,30,Running,0.8539579581132603,27.270836184310348,Classroom
Device_8,2024-11-08 02:08:00,3153,88,305,23,Cycling,0.9086089244112487,20.10612498230033,Park
Device_2,2024-11-06 03:33:00,436,95,275,57,Running,0.9363191640618981,27.124600066221916,Track
Device_5,2024-11-07 09:24:00,1443,77,229,19,Running,0.9553991733622254,29.530688766246143,Gym
Device_6,2024-11-06 22:00:00,4600,165,53,58,Cycling,0.90625101312776,21.244312752483708,Park
Device_4,2024-11-06 22:24:00,2844,128,78,37,Cycling,0.9000297821867635,29.235380292651385,Track
Device_9,2024-11-05 17:03:00,400,84,392,17,Cycling,0.888222490116318,27.90401796348916,Classroom
Device_1,2024-11-05 11:24:00,1187,134,167,49,Cycling,0.8759638232233057,28.503109253104405,Track
Device_1,2024-11-03 23:48:00,4221,121,443,56,Cycling,0.8520596067910536,26.903873139228754,Track
Device_10,2024-11-03 18:00:00,1897,92,264,10,Sedentary,0.889631232783665,22.017154839890317,Park
Device_7,2024-11-06 12:22:00,4706,75,144,14,Walking,0.908537150006924,26.279404699856215,Track
Device_4,2024-11-04 12:28:00,2760,137,363,45,Sedentary,0.9810445966928457,22.1389298799372,Gym
Device_9,2024-11-06 19:09:00,2353,74,405,30,Walking,0.9604966285473897,28.14320977819467,Park
Device_8,2024-11-05 01:04:00,4358,101,72,37,Walking,0.9555020255318871,20.66176853587256,Track
Device_2,2024-11-08 08:25:00,199,93,493,54,Sedentary,0.9503743750744458,23.253625216612473,Gym
Device_7,2024-11-04 01:12:00,1314,95,207,23,Walking,0.9132375847816495,21.03647013066337,Park
Device_8,2024-11-07 15:02:00,3617,139,55,32,Cycling,0.9645035504201038,22.852309390751564,Track
Device_8,2024-11-06 14:56:00,385,169,323,59,Walking,0.8946445684079144,25.855162747432963,Track
Device_5,2024-11-08 10:21:00,241,135,363,37,Sedentary,0.8846184736585001,26.65504698109032,Track
Device_5,2024-11-06 03:20:00,940,90,104,47,Walking,0.9906993894258531,24.988057165013025,Gym
Device_7,2024-11-07 04:24:00,1536,105,67,58,Running,0.8863341476374368,27.63756124801604,Classroom
Device_10,2024-11-07 04:48:00,1519,115,341,24,Walking,0.9314265973992022,29.96661437371715,Park
Device_2,2024-11-07 11:25:00,3354,100,134,40,Running,0.8922823911852863,23.59797364095865,Classroom
Device_7,2024-11-05 16:12:00,2769,123,210,46,Cycling,0.87885649873646,26.1655642390825,Gym
Device_7,2024-11-07 12:15:00,4765,136,87,31,Running,0.9428203795151919,22.071940837437957,Track
Device_3,2024-11-06 11:36:00,2804,102,124,56,Cycling,0.8764540156457974,29.875714843213036,Track
Device_9,2024-11-06 05:40:00,4544,113,286,57,Sedentary,0.8951092457045762,24.29261719159621,Track
Device_7,2024-11-08 08:24:00,821,173,89,42,Cycling,0.8993513752134392,23.59121701563898,Classroom
Device_2,2024-11-04 16:26:00,1242,162,347,48,Cycling,0.9589165458485296,21.996137827455758,Track
Device_1,2024-11-06 13:00:00,2530,174,276,40,Running,0.9802578487119503,20.183112329667455,Classroom
Device_2,2024-11-04 16:54:00,4941,79,416,26,Cycling,0.8664934571229194,25.14348267712888,Track
Device_5,2024-11-03 15:40:00,744,162,73,40,Sedentary,0.8550877955729173,27.187189221832405,Park
Device_10,2024-11-06 20:26:00,3110,179,376,45,Cycling,0.9677800959001652,21.175536745214416,Classroom
Device_6,2024-11-04 04:48:00,4178,160,283,22,Sedentary,0.9023127679176473,21.741914910606972,Park
Device_10,2024-11-08 18:05:00,4190,130,383,10,Cycling,0.8638642536542399,21.09808196752592,Classroom
Device_9,2024-11-07 03:58:00,3648,63,460,48,Walking,0.8830269931781103,22.122096590226725,Park
Device_5,2024-11-07 23:42:00,1140,109,412,10,Running,0.9582684950103244,29.810864905554013,Track
Device_9,2024-11-08 13:04:00,538,139,284,50,Walking,0.9582598500575026,26.448641955400152,Track
Device_4,2024-11-07 18:05:00,452,139,132,18,Sedentary,0.9081399354400562,21.284929188207983,Gym
Device_10,2024-11-06 23:00:00,1592,81,460,13,Running,0.9452633543646157,21.94724941990916,Classroom
Device_4,2024-11-03 23:41:00,385,178,282,28,Walking,0.9246827923575878,22.04667675335727,Track
Device_7,2024-11-08 01:52:00,996,136,441,21,Sedentary,0.9693404120512265,25.52185300734657,Gym
Device_6,2024-11-07 19:45:00,4713,90,245,10,Walking,0.9256153927151447,20.275516294001587,Classroom
Device_3,2024-11-06 11:20:00,973,133,383,49,Cycling,0.8858517677084796,21.332237149285152,Park
Device_2,2024-11-07 00:50:00,81,153,152,32,Cycling,0.9211117246106932,25.138633065751808,Classroom
Device_7,2024-11-07 01:12:00,1378,79,460,32,Cycling,0.9833465304037622,25.788423531434354,Gym
Device_9,2024-11-05 16:29:00,4746,125,76,45,Cycling,0.9801168160132229,23.898219390812947,Track
Device_8,2024-11-06 06:02:00,119,134,376,35,Cycling,0.8950378423292841,29.891699217194287,Classroom
Device_3,2024-11-08 18:12:00,4748,157,236,31,Walking,0.9197199857413484,28.885364205643743,Park
Device_10,2024-11-08 18:40:00,1296,123,152,32,Walking,0.9426678453898578,22.66222345017203,Track
Device_1,2024-11-07 03:02:00,1392,156,236,50,Cycling,0.9631533370425898,21.435886393506234,Park
Device_9,2024-11-05 17:54:00,1665,150,244,50,Running,0.891354655820107,21.923572681262435,Gym
Device_8,2024-11-07 03:46:00,4748,142,358,39,Walking,0.9383715676744604,22.05600633726669,Track
Device_8,2024-11-08 13:48:00,1087,77,56,12,Sedentary,0.9248567231315019,28.260667399404714,Classroom
Device_2,2024-11-05 18:45:00,3089,138,334,15,Running,0.9737625996908663,23.083971942112377,Park
Device_2,2024-11-06 15:20:00,2075,105,371,59,Walking,0.9076956791938176,20.325076023992306,Track
Device_1,2024-11-08 08:22:00,2735,127,294,51,Walking,0.9809016388158818,20.90071661594394,Park
Device_8,2024-11-08 15:36:00,2694,102,423,53,Cycling,0.9217441348970938,28.94371256567333,Gym
Device_7,2024-11-06 09:31:00,3367,91,391,52,Sedentary,0.9951793113060864,21.88673470588943,Track
Device_6,2024-11-08 23:20:00,4228,70,418,15,Walking,0.9466943846863184,23.20317220401496,Track
Device_10,2024-11-08 10:06:00,4002,90,295,36,Walking,0.9125696872507216,23.379573093038836,Classroom
Device_5,2024-11-09 14:00:00,284,92,156,17,Running,0.918635457358062,21.34990696984194,Classroom
Device_5,2024-11-08 10:58:00,2366,110,260,36,Walking,0.9530343233902132,27.089561317931818,Track
Device_9,2024-11-09 15:00:00,3213,154,110,56,Sedentary,0.9289040634875267,22.220638087458426,Classroom
Device_1,2024-11-09 01:40:00,4630,68,162,35,Cycling,0.9208131018289576,29.121497388976117,Gym
Device_2,2024-11-03 21:20:00,1375,140,489,53,Walking,0.8954364278913324,23.352404870923557,Gym
Device_6,2024-11-04 04:27:00,3044,104,380,31,Sedentary,0.9920592778480944,22.47263728137012,Classroom
Device_6,2024-11-05 15:28:00,4020,101,202,42,Running,0.8983974698362215,23.561379758881603,Classroom
Device_3,2024-11-03 21:50:00,1505,100,272,37,Cycling,0.9361870838961784,27.997287832070576,Classroom
Device_6,2024-11-07 10:00:00,907,169,292,26,Sedentary,0.8599433193249381,26.33262415433789,Gym
Device_3,2024-11-05 09:15:00,4836,70,412,15,Sedentary,0.8673700759890962,21.742242431306412,Park
Device_3,2024-11-04 12:24:00,4294,88,377,14,Walking,0.8765568802217376,26.151199999724287,Track
Device_7,2024-11-05 16:48:00,1336,139,308,11,Sedentary,0.9094575459413561,24.16682065707777,Gym
Device_7,2024-11-06 00:08:00,2214,132,129,43,Running,0.9768718640553237,24.046638047183393,Classroom
Device_7,2024-11-04 13:00:00,1715,119,175,16,Sedentary,0.9380282824574665,24.922281875717918,Track
Device_6,2024-11-06 00:42:00,860,172,372,45,Sedentary,0.8627468544288711,23.897511200719435,Classroom
Device_1,2024-11-03 23:10:00,3402,97,256,21,Sedentary,0.9384722177879584,22.97761670886558,Gym
Device_8,2024-11-04 20:44:00,826,86,341,42,Running,0.8799869151350593,20.005678124354382,Track
Device_4,2024-11-04 20:57:00,1743,74,81,44,Cycling,0.9329352772570434,27.55545718105701,Classroom
Device_10,2024-11-07 20:50:00,3953,88,60,22,Sedentary,0.978441653782445,29.416872398762425,Classroom
Device_7,2024-11-05 04:34:00,1233,82,162,41,Cycling,0.9007219283016173,20.684851223053066,Park
Device_9,2024-11-06 09:36:00,1872,148,307,36,Sedentary,0.8604997548828357,21.42257947984195,Classroom
Device_8,2024-11-09 02:51:00,278,146,319,35,Walking,0.97385160479953,22.037043919811545,Gym
Device_7,2024-11-04 00:20:00,3860,64,312,11,Walking,0.9379826443893141,29.100637399008967,Track
Device_1,2024-11-10 01:30:00,2680,78,195,27,Cycling,0.986684297880551,29.81384635785291,Classroom
Device_5,2024-11-05 05:44:00,3458,167,106,54,Cycling,0.9923364740463525,26.246395865440732,Track
Device_10,2024-11-09 04:39:00,4890,129,99,56,Sedentary,0.9184512689200316,29.51730910876408,Park
Device_6,2024-11-08 07:12:00,2515,132,411,57,Sedentary,0.8863572305782389,27.428446217537182,Classroom
Device_1,2024-11-06 19:01:00,4907,171,397,28,Sedentary,0.9372661977333266,26.210509908103823,Track
Device_10,2024-11-05 06:40:00,1966,146,281,31,Cycling,0.9042430454089918,22.38161978020116,Track
Device_7,2024-11-04 08:51:00,1224,124,165,18,Cycling,0.9899019229323844,22.384902485504576,Track
Device_8,2024-11-06 19:58:00,1968,97,300,55,Running,0.9733629151118148,26.484749456968736,Park
Device_2,2024-11-09 14:44:00,2601,84,83,11,Cycling,0.8844282243380892,28.066385864463157,Track
Device_5,2024-11-08 02:12:00,1222,179,410,44,Sedentary,0.8505709810992892,27.053631441352284,Park
Device_10,2024-11-07 04:20:00,3821,122,270,55,Running,0.9882536080721891,27.726876183384835,Park
Device_3,2024-11-06 06:22:00,159,151,116,15,Sedentary,0.9781159614332965,27.398725544541378,Park
Device_3,2024-11-05 23:12:00,2823,123,192,38,Running,0.9477984972007641,21.44985063211915,Classroom
Device_5,2024-11-05 16:00:00,2404,144,401,35,Sedentary,0.9049439095416193,26.65686649144985,Park
Device_1,2024-11-07 13:09:00,3026,75,353,27,Running,0.935848919676262,23.064119500714114,Gym
Device_2,2024-11-09 10:30:00,3678,98,352,29,Walking,0.8691275731747939,25.104177192052042,Gym
Device_4,2024-11-10 01:59:00,2799,168,121,21,Walking,0.9964764525143489,25.572043302434707,Gym
Device_8,2024-11-08 12:48:00,3768,146,122,37,Running,0.8689312128422082,20.681677981753243,Classroom
Device_7,2024-11-07 22:06:00,4161,143,281,26,Running,0.9446738795345286,21.696555289173112,Classroom
Device_6,2024-11-07 07:20:00,2868,170,420,15,Walking,0.9625073872964804,22.673488301149924,Gym
Device_4,2024-11-05 02:35:00,3148,133,56,30,Running,0.9442209405740772,23.06787753641171,Park
Device_7,2024-11-04 04:00:00,2485,121,59,26,Sedentary,0.9516407830337786,21.47757790149512,Gym
Device_4,2024-11-06 17:06:00,1103,116,237,11,Walking,0.9397197143318073,23.56922222485623,Park
Device_10,2024-11-07 16:18:00,4073,130,121,13,Walking,0.9037880043333059,26.486387572809733,Track
Device_6,2024-11-05 18:45:00,865,77,151,17,Sedentary,0.9252293769380161,28.92547851002461,Park
Device_2,2024-11-04 20:00:00,1762,86,279,50,Sedentary,0.9353070932663651,24.640438113700604,Track
Device_4,2024-11-07 01:59:00,2813,176,428,36,Walking,0.9516201356573728,21.05927628780269,Classroom
Device_3,2024-11-09 08:12:00,4772,145,63,30,Sedentary,0.9780787190564502,23.750651644060195,Classroom
Device_9,2024-11-05 04:19:00,3321,64,94,18,Sedentary,0.9368693098575472,25.886148659043595,Gym
Device_9,2024-11-10 00:32:00,3253,95,488,46,Walking,0.9725205403715964,28.698065915353546,Track
Device_7,2024-11-08 18:00:00,986,84,387,52,Cycling,0.901899606856862,28.68050875838545,Track
Device_9,2024-11-09 02:10:00,3933,135,206,26,Cycling,0.8893576456194999,22.682324971657568,Gym
Device_8,2024-11-08 03:14:00,1641,63,261,13,Cycling,0.9604333372975962,25.3482743470348,Gym
Device_7,2024-11-10 18:00:00,250,170,193,28,Sedentary,0.9605237877194723,21.576219596458476,Classroom
Device_7,2024-11-09 11:14:00,123,165,112,34,Sedentary,0.9607401922088337,25.296668068484294,Gym
Device_2,2024-11-09 11:40:00,3888,73,78,34,Walking,0.9890395332346342,20.996420274703123,Track
Device_2,2024-11-07 05:09:00,3730,142,123,49,Cycling,0.9680806232310436,25.994395467998014,Park
Device_7,2024-11-07 13:20:00,4520,143,315,50,Cycling,0.8877455649055137,29.10233993953311,Park
Device_5,2024-11-07 21:33:00,3590,150,271,11,Sedentary,0.9541587832568232,22.606854893833844,Gym
Device_2,2024-11-10 21:00:00,102,90,470,13,Cycling,0.8857520210381903,24.647078757815944,Gym
Device_1,2024-11-09 21:45:00,510,68,425,44,Sedentary,0.9033224041805004,26.703977468091864,Gym
Device_6,2024-11-07 22:36:00,304,99,315,13,Running,0.9983109767305121,28.754337402195347,Park
Device_9,2024-11-07 07:03:00,3551,85,139,34,Sedentary,0.9215942298251496,21.142869065159935,Gym
Device_4,2024-11-05 23:30:00,4477,85,159,18,Walking,0.9252068174623587,22.13212602730966,Gym
Device_2,2024-11-10 07:32:00,3773,72,484,26,Sedentary,0.9646733563341838,28.420169665582925,Track
Device_3,2024-11-07 00:00:00,4009,140,163,39,Cycling,0.8668100172356122,28.43257376460504,Track
Device_2,2024-11-11 00:30:00,3356,60,268,15,Running,0.863012466173656,22.418164259397102,Gym
Device_4,2024-11-07 08:38:00,586,135,180,42,Running,0.8856839391380682,21.956993278091847,Classroom
Device_3,2024-11-06 08:48:00,2632,84,118,55,Sedentary,0.9714960021490049,29.549223178377204,Classroom
Device_4,2024-11-08 09:28:00,3172,121,163,54,Sedentary,0.9679787874194179,25.93189278368788,Park
Device_2,2024-11-06 01:15:00,1578,171,177,59,Running,0.8709987491049332,27.214030178710615,Gym
Device_5,2024-11-10 02:42:00,4387,142,468,35,Running,0.8646560080676404,23.323610978062376,Track
Device_6,2024-11-11 03:30:00,2405,74,76,35,Walking,0.9344339994782808,26.1357752926656,Track
Device_4,2024-11-10 03:36:00,4584,71,456,46,Walking,0.9438315401276964,25.916054126822914,Gym
Device_2,2024-11-06 10:24:00,3229,77,182,19,Sedentary,0.9460684035570669,29.371710183698134,Gym
Device_9,2024-11-08 03:30:00,3,123,422,38,Walking,0.9844307728517572,20.008630825762147,Gym
Device_3,2024-11-10 04:57:00,92,117,78,48,Sedentary,0.9093988318353629,25.09828536849745,Track
Device_4,2024-11-07 03:36:00,1274,103,435,53,Walking,0.8891891220349515,22.034133052906792,Classroom
Device_1,2024-11-11 06:30:00,2184,121,210,53,Cycling,0.9252299450526484,20.522307132362048,Classroom
Device_10,2024-11-06 19:58:00,2298,144,146,32,Running,0.970717705545852,28.043476792945366,Classroom
Device_3,2024-11-09 14:15:00,2716,106,243,17,Sedentary,0.886086950027679,29.544688423797066,Park
Device_4,2024-11-06 20:32:00,2274,103,232,32,Sedentary,0.9614806884889652,20.81040257096359,Gym
Device_7,2024-11-08 22:31:00,3675,106,440,35,Sedentary,0.9787148413769309,22.576450970393267,Park
Device_2,2024-11-10 16:24:00,197,112,475,49,Sedentary,0.938691602328,29.946386021891282,Gym
Device_8,2024-11-10 00:14:00,1545,100,104,51,Walking,0.8558443272281289,24.51781441829604,Classroom
Device_9,2024-11-08 07:00:00,4266,95,131,31,Cycling,0.8865877988788902,27.30349123655042,Classroom
Device_5,2024-11-07 14:39:00,4165,114,207,15,Walking,0.8734050158175832,21.843083347809443,Gym
Device_9,2024-11-08 07:42:00,4115,151,460,29,Running,0.8755423445054176,24.14415715654681,Track
Device_3,2024-11-06 22:31:00,563,154,288,36,Running,0.8555213011894934,23.910549159451072,Park
Device_10,2024-11-06 06:00:00,4418,119,374,56,Cycling,0.8689115181415137,25.6439572726552,Track
Device_7,2024-11-06 06:15:00,4568,98,476,47,Walking,0.9522395377864158,25.826013653232845,Gym
Device_8,2024-11-10 11:42:00,4558,175,74,58,Running,0.8768444298771176,28.133333162248967,Gym
Device_1,2024-11-11 13:30:00,207,108,286,54,Walking,0.94192537289165,22.341178991143863,Classroom
Device_6,2024-11-09 19:40:00,3781,177,340,50,Cycling,0.8977428125855254,25.438215737471147,Classroom
Device_5,2024-11-10 04:34:00,641,171,319,55,Cycling,0.9382727131983044,26.165841580059336,Classroom
Device_6,2024-11-05 06:00:00,4943,103,236,49,Walking,0.8945312237478446,24.855138029404905,Gym
Device_7,2024-11-08 19:22:00,2574,92,82,34,Cycling,0.8836376997269071,21.85930432192977,Gym
Device_4,2024-11-06 16:32:00,3772,121,373,39,Cycling,0.9910242538138623,22.083108121086823,Gym
Device_5,2024-11-07 01:21:00,2509,137,413,59,Running,0.8703157883598763,29.497677307628713,Track
Device_9,2024-11-10 06:44:00,1275,163,307,44,Walking,0.9295882291294761,27.440932785370606,Park
Device_1,2024-11-08 12:15:00,4559,79,54,32,Walking,0.9298301132658319,26.890301111782534,Classroom
Device_10,2024-11-09 05:48:00,4965,65,133,25,Cycling,0.9444684093689041,29.443832232839874,Gym
Device_10,2024-11-09 14:48:00,1982,158,211,40,Sedentary,0.9507719092048763,21.4088033766734,Classroom
Device_9,2024-11-08 04:40:00,2246,127,443,43,Walking,0.902079326023949,27.40207424582088,Track
Device_10,2024-11-08 22:18:00,4420,107,99,19,Running,0.9774723452697338,24.904555121923583,Gym
Device_4,2024-11-04 14:40:00,1778,84,107,56,Running,0.9956743378014206,22.882372252782368,Park
Device_3,2024-11-04 14:50:00,3304,162,248,18,Running,0.8602928048336592,21.368372983348028,Track
Device_7,2024-11-08 23:24:00,4136,151,244,12,Running,0.9807778901057135,23.8057229926576,Park
Device_3,2024-11-09 08:29:00,3253,103,423,38,Sedentary,0.9164410723781878,27.229181880143386,Classroom
Device_5,2024-11-07 04:28:00,4394,69,319,56,Running,0.9053602599735396,22.990454788218653,Track
Device_7,2024-11-09 09:15:00,388,123,204,23,Running,0.9245404080133472,28.460078805490227,Park
Device_7,2024-11-08 16:06:00,2887,162,490,52,Sedentary,0.9694213813497596,27.5181416968791,Classroom
Device_2,2024-11-08 16:27:00,2604,161,98,12,Cycling,0.9596004102063584,23.770575912452976,Classroom
Device_10,2024-11-05 18:24:00,2487,178,173,46,Walking,0.8959609686030187,26.749665242638123,Park
Device_10,2024-11-08 17:09:00,4112,78,151,30,Walking,0.8534798932763052,21.249485774971866,Classroom
Device_4,2024-11-10 22:30:00,3382,98,164,17,Sedentary,0.9863206369485341,24.43830346182093,Gym
Device_6,2024-11-10 22:57:00,3894,131,213,38,Running,0.8796654659166301,26.9650416535711,Park
Device_3,2024-11-06 13:00:00,3939,145,345,57,Walking,0.899532773391715,22.308237829514482,Track
Device_8,2024-11-06 13:15:00,3720,85,405,22,Walking,0.9476419666051334,21.351468509101586,Park
Device_8,2024-11-06 13:30:00,2695,98,147,55,Cycling,0.8998961478836843,29.540726325876747,Track
Device_6,2024-11-04 17:10:00,4368,178,98,48,Walking,0.9148907461869991,22.947117853286315,Classroom
Device_3,2024-11-09 04:32:00,3743,67,456,44,Running,0.9542220102397534,27.6516444498275,Park
Device_8,2024-11-09 22:48:00,2045,120,307,50,Running,0.9623502287858897,29.75761658479801,Gym
Device_6,2024-11-06 23:28:00,2743,124,158,40,Cycling,0.9399791578265053,20.27230630792837,Track
Device_9,2024-11-06 23:44:00,2958,114,412,29,Running,0.896665174663587,26.60429524119087,Classroom
Device_3,2024-11-06 06:00:00,1617,65,333,24,Walking,0.9952224737409746,20.58626652437217,Gym
Device_6,2024-11-04 18:10:00,2364,154,220,52,Walking,0.9186551737376777,20.841055114099827,Gym
Device_8,2024-11-10 18:52:00,4195,100,260,45,Sedentary,0.9037218141081903,29.624538266093566,Track
Device_4,2024-11-10 19:18:00,909,151,338,26,Running,0.9357836607972154,20.563889756334902,Track
Device_1,2024-11-05 12:48:00,4603,81,60,35,Cycling,0.8569865662095328,25.963090834174395,Classroom
Device_4,2024-11-05 22:05:00,1676,120,488,10,Sedentary,0.8761394021176991,29.438846634266657,Classroom
Device_7,2024-11-06 16:30:00,1544,125,231,41,Running,0.9231396259019262,26.451140063344543,Park
Device_2,2024-11-11 15:16:00,2048,110,429,19,Sedentary,0.85732196451815,22.862369049639998,Classroom
Device_5,2024-11-10 12:20:00,1949,140,99,58,Walking,0.9136318310426929,23.95668744381438,Track
Device_10,2024-11-07 20:42:00,4251,127,149,29,Walking,0.9408758817640679,22.61129486034804,Classroom
Device_9,2024-11-06 17:30:00,197,74,204,50,Cycling,0.905042807424257,29.4666778741597,Gym
Device_3,2024-11-12 11:30:00,3820,128,115,46,Sedentary,0.9727278043980333,24.45066644397053,Classroom
Device_6,2024-11-10 23:12:00,3087,79,333,21,Sedentary,0.8667424664602155,24.764759459312355,Gym
Device_9,2024-11-10 05:12:00,4331,85,221,23,Running,0.9240168993830254,24.321734421061933,Park
Device_9,2024-11-10 14:50:00,3812,119,251,55,Sedentary,0.9546322959420898,23.661641796108746,Gym
Device_10,2024-11-05 05:45:00,1292,159,150,59,Cycling,0.8685220123527883,26.761186603309746,Classroom
Device_5,2024-11-11 10:12:00,2123,175,219,29,Walking,0.944702797854471,22.506121239667564,Park
Device_2,2024-11-04 20:50:00,4865,105,443,25,Sedentary,0.941066651813813,20.469324586988158,Track
Device_4,2024-11-09 21:54:00,3048,162,481,14,Sedentary,0.9496092620077444,29.044450387183144,Classroom
Device_3,2024-11-07 23:42:00,20,125,363,45,Running,0.9007863368989909,22.983960113988573,Classroom
Device_2,2024-11-08 09:20:00,425,123,199,22,Cycling,0.9215736454134424,23.621478135310422,Classroom
Device_10,2024-11-11 03:06:00,4182,119,220,13,Walking,0.9486059214323455,20.49441675891638,Park
Device_3,2024-11-10 18:10:00,3090,167,308,32,Cycling,0.8776929162990881,26.57096436548494,Track
Device_9,2024-11-08 00:54:00,94,99,143,31,Walking,0.9028049712988149,28.459572908909784,Track
Device_9,2024-11-10 00:12:00,131,82,74,38,Running,0.9117532928821196,29.280141748911888,Gym
Device_8,2024-11-06 11:50:00,476,95,391,40,Running,0.954882690796165,23.225588803691853,Classroom
Device_9,2024-11-06 12:04:00,1333,172,225,30,Walking,0.9117460730954027,28.039599929463613,Gym
Device_4,2024-11-12 19:30:00,1375,85,391,31,Cycling,0.9239719233429822,28.789124275398443,Gym
Device_9,2024-11-09 16:16:00,2028,101,254,13,Sedentary,0.8843489500361221,25.19780504764544,Park
Device_3,2024-11-10 21:05:00,1869,112,319,29,Sedentary,0.8878915258130123,25.75639679003487,Park
Device_8,2024-11-08 12:30:00,1928,79,175,29,Cycling,0.9224598568831481,21.109649858726012,Classroom
Device_9,2024-11-12 02:28:00,2857,122,76,24,Sedentary,0.8625731611601579,27.912664489781363,Track
Device_9,2024-11-07 18:04:00,3804,143,113,31,Sedentary,0.9363778836570396,28.718328853433945,Gym
Device_2,2024-11-12 03:24:00,597,108,263,13,Running,0.9283749673980977,25.532423105625547,Park
Device_2,2024-11-11 18:18:00,4564,100,101,56,Sedentary,0.9432456528125199,25.05181035594346,Classroom
Device_5,2024-11-08 23:40:00,1109,112,406,33,Cycling,0.9705559636623757,21.69678247179257,Gym
Device_4,2024-11-10 04:48:00,635,157,169,49,Sedentary,0.9740454089432877,23.822564886636318,Gym
Device_5,2024-11-09 00:20:00,979,114,409,16,Cycling,0.9714155382238575,27.173034573820544,Gym
Device_7,2024-11-08 15:02:00,190,132,138,10,Running,0.9975745109826681,24.393540691119256,Park
Device_2,2024-11-05 00:30:00,3671,175,426,50,Sedentary,0.9390515320598031,24.450408162106257,Track
Device_2,2024-11-07 01:00:00,3413,118,333,55,Running,0.851747647904695,28.105776864993437,Gym
Device_4,2024-11-05 20:12:00,391,138,333,50,Sedentary,0.8996153172051727,26.29259646120683,Track
Device_6,2024-11-05 01:00:00,2818,167,326,59,Walking,0.9014769418536315,26.829992408749348,Gym
Device_6,2024-11-07 11:28:00,1515,76,347,44,Sedentary,0.8597549690084579,29.129555569975643,Gym
Device_3,2024-11-08 07:12:00,2720,61,166,34,Walking,0.9830790691789719,24.91644241952792,Classroom
Device_7,2024-11-11 03:45:00,4642,77,118,36,Walking,0.9991682383161189,29.349370076276152,Park
Device_4,2024-11-12 19:14:00,3598,89,342,37,Running,0.9752283874603485,26.993285491569576,Park
Device_4,2024-11-06 07:11:00,683,65,455,57,Sedentary,0.9458009568595184,21.60691008225262,Park
Device_5,2024-11-05 02:00:00,4195,158,437,12,Walking,0.9470919567536349,29.739332436525338,Track
Device_10,2024-11-06 17:26:00,4137,162,470,56,Sedentary,0.9445015626951895,24.26148820579476,Classroom
Device_10,2024-11-10 00:20:00,887,67,445,28,Walking,0.8709332630961665,23.350259678732186,Gym
Device_1,2024-11-08 09:18:00,1468,99,173,30,Cycling,0.9644717005048296,24.585587866781722,Classroom
Device_6,2024-11-11 06:40:00,885,73,470,18,Cycling,0.9865050390996141,26.455957003462373,Classroom
Device_7,2024-11-08 00:01:00,4646,179,197,34,Cycling,0.9917139974503458,20.903400526638222,Park
Device_3,2024-11-09 06:00:00,1581,73,145,26,Cycling,0.8575745792892436,28.982825358026908,Track
Device_1,2024-11-07 14:40:00,1106,164,440,12,Cycling,0.8554324863083522,23.01985576869614,Classroom
Device_4,2024-11-05 03:20:00,1003,164,222,13,Walking,0.9978782381451591,25.73097233315933,Classroom
Device_10,2024-11-12 04:39:00,1506,102,173,29,Walking,0.9240246786699051,29.282371978029985,Park
Device_5,2024-11-05 03:40:00,1231,166,400,57,Running,0.9941609344978427,21.14309523260557,Track
Device_9,2024-11-12 05:33:00,4251,158,160,33,Running,0.9236611195962069,26.297674395801202,Classroom
Device_4,2024-11-13 12:00:00,4778,68,282,44,Running,0.8835836627944752,24.32188133665974,Classroom
Device_8,2024-11-08 12:18:00,1524,99,348,38,Sedentary,0.8621053498143724,28.8004015091516,Gym
Device_5,2024-11-05 14:22:00,2808,140,100,13,Walking,0.9893774321977067,27.214300979007227,Classroom
Device_5,2024-11-08 22:57:00,3274,165,180,37,Sedentary,0.9221922207421814,23.237480703385117,Gym
Device_10,2024-11-07 17:04:00,3590,109,122,53,Running,0.9455144020566453,29.191479547034557,Park
Device_8,2024-11-09 19:45:00,1383,70,483,55,Walking,0.9845608880712597,21.4368146934735,Park
Device_4,2024-11-12 08:42:00,4805,73,64,59,Cycling,0.8662250824413414,22.293961237553496,Classroom
Device_2,2024-11-11 23:02:00,2375,112,156,31,Walking,0.9600052013813979,27.015477246629302,Park
Device_1,2024-11-09 20:48:00,4677,147,262,59,Running,0.934545907771703,20.547326150776186,Park
Device_1,2024-11-07 08:15:00,3068,171,439,17,Cycling,0.9660478075253376,21.049764876297125,Classroom
Device_7,2024-11-10 17:50:00,4815,148,318,52,Sedentary,0.9028394330238428,20.306844168887938,Park
Device_6,2024-11-05 16:01:00,3699,120,470,54,Running,0.8511421845072383,26.219050959573025,Gym
Device_6,2024-11-09 01:48:00,4236,106,244,45,Running,0.8752199106068512,22.718834510391318,Track
Device_8,2024-11-09 12:20:00,2220,82,145,23,Sedentary,0.9234252564578984,29.557472242682717,Classroom
Device_3,2024-11-05 16:34:00,622,81,72,11,Sedentary,0.9391999305165213,29.66152512886952,Track
Device_7,2024-11-11 06:00:00,2213,95,412,35,Cycling,0.8683747821673817,20.584586644943943,Track
Device_4,2024-11-12 02:56:00,746,141,327,27,Walking,0.8877761215099241,24.954100577551934,Classroom
Device_2,2024-11-13 10:13:00,3020,108,180,41,Walking,0.9535641762707525,24.5749533113932,Classroom
Device_6,2024-11-07 00:12:00,1767,133,145,29,Cycling,0.9114244268182097,21.382872948392514,Track
Device_2,2024-11-08 17:42:00,3925,136,479,42,Cycling,0.9896735497781864,28.52510444842286,Track
Device_6,2024-11-09 04:20:00,224,96,100,45,Walking,0.853826074952097,22.336321083291843,Gym
Device_3,2024-11-07 00:54:00,4264,146,340,33,Walking,0.9456590103891495,26.290053555685745,Track
Device_10,2024-11-13 23:00:00,4015,132,417,53,Cycling,0.8526199836279313,25.947971106039613,Gym
Device_9,2024-11-08 08:31:00,294,148,484,42,Walking,0.9374513584260993,28.78683807776458,Track
Device_5,2024-11-11 09:36:00,3971,101,214,50,Walking,0.9103080314178964,27.983664789711757,Classroom
Device_5,2024-11-11 20:25:00,3179,100,453,12,Running,0.9755767476154172,23.17404580408476,Classroom
Device_10,2024-11-14 01:00:00,2912,73,400,52,Walking,0.979125142193018,23.74544013325442,Classroom
Device_4,2024-11-07 23:12:00,1183,147,477,12,Sedentary,0.9367533741331339,23.004188137863256,Classroom
Device_7,2024-11-11 11:12:00,4201,89,222,12,Running,0.9055592456335233,29.601863384100366,Park
Device_9,2024-11-07 23:44:00,4775,179,136,17,Running,0.9452669862888163,24.644233758494558,Park
Device_5,2024-11-11 12:00:00,4527,131,136,35,Sedentary,0.9422479721221908,23.221102993978793,Gym
Device_3,2024-11-08 00:16:00,3105,70,407,31,Walking,0.8857513330422377,25.946066859940665,Gym
Device_3,2024-11-09 08:08:00,1380,147,54,40,Sedentary,0.8738954793884328,25.217382957218057,Gym
Device_6,2024-11-09 19:00:00,1630,74,249,59,Walking,0.8928378042390203,24.545137169601464,Track
Device_4,2024-11-05 09:40:00,316,99,374,34,Running,0.9301740789703387,25.90830445786293,Track
Device_7,2024-11-10 06:15:00,1590,68,178,21,Cycling,0.946311438812915,24.702346255433238,Track
Device_10,2024-11-12 01:00:00,3738,174,397,57,Running,0.870707180564328,28.054620698250023,Gym
Device_9,2024-11-05 20:47:00,1562,141,149,48,Running,0.9722208365064481,20.094157519057447,Gym
Device_6,2024-11-05 20:58:00,4146,103,418,52,Cycling,0.9997095697202534,20.98951598967561,Gym
Device_3,2024-11-12 12:54:00,572,104,200,46,Cycling,0.9753710290529246,28.529600477080685,Park
Device_9,2024-11-09 21:20:00,3163,71,315,31,Sedentary,0.8876132879856878,20.605301812657267,Park
Device_9,2024-11-14 08:30:00,1858,172,313,12,Sedentary,0.8568367258470599,22.024534586353006,Gym
Device_3,2024-11-07 16:30:00,3579,178,102,49,Walking,0.9746576133592316,21.426333886193007,Gym
Device_3,2024-11-05 11:10:00,1525,79,198,40,Cycling,0.8916423033669826,29.335518317613765,Gym
Device_4,2024-11-11 06:52:00,3324,122,148,54,Cycling,0.9215762712587863,25.796454991489604,Classroom
Device_4,2024-11-12 04:45:00,2712,160,163,14,Running,0.9866694656605266,28.24607022096872,Classroom
Device_2,2024-11-06 09:12:00,256,156,399,52,Sedentary,0.9680900560842621,29.151995131389036,Track
Device_7,2024-11-07 06:58:00,138,151,316,58,Sedentary,0.8867310451645608,22.521779418533466,Track
Device_8,2024-11-11 19:12:00,4590,68,477,48,Walking,0.8987945180907478,21.648284943310514,Park
Device_10,2024-11-07 07:26:00,3553,137,383,43,Cycling,0.9068423769638463,22.78988532623175,Gym
Device_9,2024-11-14 02:10:00,4483,150,125,42,Running,0.9833614551090696,24.993011279891995,Gym
Device_3,2024-11-12 07:15:00,2802,86,86,40,Cycling,0.9934669385077288,22.550250888817153,Gym
Device_3,2024-11-05 23:32:00,951,135,141,49,Sedentary,0.91946401696648,28.038981896446828,Track
Device_9,2024-11-12 18:58:00,353,113,303,45,Cycling,0.8653514371149937,27.074958744077033,Classroom
Device_5,2024-11-07 08:36:00,2271,64,312,10,Sedentary,0.9076511412971511,20.915700909193802,Gym
Device_7,2024-11-08 06:40:00,1221,150,436,46,Cycling,0.9096968342644373,20.310511242610872,Track
Device_5,2024-11-07 20:00:00,179,89,223,42,Running,0.9191283430735675,21.76922518499924,Gym
Device_10,2024-11-05 13:30:00,1087,86,168,14,Walking,0.8702969310300137,29.71302694756763,Gym
Device_10,2024-11-09 16:22:00,4497,146,257,56,Sedentary,0.9789483563184715,20.939375258497396,Classroom
Device_9,2024-11-12 10:35:00,4783,121,130,34,Walking,0.8910197586555824,29.04787958490659,Classroom
Device_6,2024-11-08 08:00:00,656,160,475,44,Running,0.853993938640988,22.615925260755795,Park
Device_7,2024-11-07 21:15:00,4637,88,240,34,Walking,0.9851756008253725,23.419907275992056,Classroom
Device_7,2024-11-06 23:26:00,224,104,370,28,Cycling,0.9820666583991534,21.045489353231694,Classroom
Device_8,2024-11-11 14:09:00,1957,87,145,33,Sedentary,0.8895474615985768,24.30088522728148,Park
Device_10,2024-11-14 08:56:00,1112,143,396,37,Cycling,0.9106943830301679,29.46521349193194,Classroom
Device_1,2024-11-13 11:15:00,3607,136,314,54,Cycling,0.8960518308996646,28.157195645018934,Gym
Device_4,2024-11-05 15:00:00,3472,71,114,19,Sedentary,0.8751413592909824,24.07654627874212,Park
Device_4,2024-11-09 19:13:00,2520,174,185,40,Sedentary,0.8615959676640518,22.662315261878163,Park
Device_1,2024-11-13 23:44:00,1844,76,220,58,Cycling,0.9423295128897241,23.910840758216324,Classroom
Device_4,2024-11-07 00:57:00,3432,149,413,35,Walking,0.8989430945237761,28.379569943605176,Classroom
Device_6,2024-11-09 09:00:00,1057,151,368,32,Running,0.8987499819376303,27.655338212530364,Track
Device_3,2024-11-11 06:02:00,1718,104,405,13,Walking,0.9691252692665002,20.859628015545375,Classroom
Device_7,2024-11-12 16:00:00,4208,160,184,49,Walking,0.9540979251460803,21.75455732774688,Classroom
Device_4,2024-11-06 03:23:00,1860,173,464,44,Running,0.907088430942365,21.845673736380604,Classroom
Device_1,2024-11-13 15:18:00,3893,117,412,27,Walking,0.898634394169912,27.537710626841815,Classroom
Device_5,2024-11-11 07:30:00,3329,130,106,59,Sedentary,0.8955373411784959,25.03201933450402,Track
Device_2,2024-11-10 09:20:00,194,69,297,38,Running,0.9341958645100581,23.155103069131723,Classroom
Device_2,2024-11-15 02:30:00,2714,152,383,54,Sedentary,0.8952450187226216,28.632633164601117,Gym
Device_3,2024-11-11 08:36:00,138,126,237,20,Running,0.8630949082745926,27.921383844490002,Gym
Device_8,2024-11-11 08:58:00,3262,164,293,13,Running,0.9985469394033176,23.505142855396432,Gym
Device_2,2024-11-13 18:00:00,1677,118,440,12,Walking,0.9896384277201145,21.588161289587575,Track
Device_7,2024-11-14 17:09:00,4721,137,368,17,Cycling,0.8666086067574005,25.52723076698203,Track
Device_6,2024-11-13 07:32:00,4743,119,145,22,Walking,0.9313181496127578,28.590540509136904,Track
Device_4,2024-11-07 03:59:00,2804,164,151,34,Sedentary,0.8687175265402497,27.411045423666586,Track
Device_9,2024-11-15 06:00:00,2741,84,69,21,Running,0.932352751884411,26.750342458948104,Track
Device_2,2024-11-08 14:40:00,1537,131,430,50,Cycling,0.9537952978245235,20.909318932287547,Track
Device_2,2024-11-12 10:24:00,1760,98,435,18,Running,0.9296736832548113,20.38850155124247,Park
Device_8,2024-11-07 04:51:00,418,140,338,55,Sedentary,0.8645453063391014,25.53934612426545,Classroom
Device_9,2024-11-05 18:40:00,2977,134,259,38,Sedentary,0.9519262195484877,26.594702970091106,Track
Device_4,2024-11-09 03:13:00,565,168,53,28,Running,0.9115965949995923,26.329327964722097,Park
Device_1,2024-11-12 00:30:00,3654,140,437,15,Sedentary,0.9883364626877584,20.900072949158645,Classroom
Device_2,2024-11-10 14:20:00,1741,150,443,46,Walking,0.9846283263463571,25.63648481863607,Track
Device_6,2024-11-14 22:28:00,3965,148,223,13,Running,0.9381870820366296,22.39910537649994,Gym
Device_4,2024-11-14 22:57:00,3960,124,449,50,Cycling,0.9063378576230988,25.107914505660734,Classroom
Device_10,2024-11-06 18:48:00,4729,107,103,55,Walking,0.9500862511186058,25.941185378789147,Classroom
Device_9,2024-11-12 14:00:00,3634,61,286,23,Running,0.9740337497192566,26.269235091591213,Track
Device_5,2024-11-07 06:48:00,1983,90,483,43,Cycling,0.9128887764999905,25.211074138803014,Park
Device_2,2024-11-10 04:43:00,4373,174,459,16,Running,0.8593349037275657,24.58017060608089,Track
Device_10,2024-11-09 05:46:00,2445,124,161,25,Sedentary,0.9468429153405932,29.963906492586524,Track
Device_2,2024-11-10 05:21:00,575,137,488,44,Cycling,0.903668215554849,22.034468841817578,Classroom
Device_2,2024-11-12 04:20:00,1833,81,482,17,Running,0.8613528987159857,24.928494461345057,Classroom
Device_7,2024-11-12 16:24:00,3643,138,257,57,Running,0.8613667207927033,21.260978517732493,Classroom
Device_4,2024-11-13 04:30:00,3718,174,481,40,Sedentary,0.8839546563683769,20.3731512285927,Gym
Device_4,2024-11-10 18:20:00,1147,66,363,49,Running,0.9045360528356793,26.873643147835196,Track
Device_4,2024-11-10 18:40:00,1933,105,411,20,Running,0.8915876566677484,28.114542681320223,Track
Device_8,2024-11-13 17:30:00,1686,128,418,57,Running,0.9584756090855859,24.253609302400225,Gym
Device_1,2024-11-09 08:02:00,3499,172,85,30,Running,0.9715254513223046,28.16045601366846,Classroom
Device_1,2024-11-09 08:19:00,91,143,403,41,Cycling,0.858303354755153,26.33456845678286,Gym
Device_4,2024-11-05 22:00:00,4416,128,113,50,Cycling,0.8995176434140653,24.865268265394416,Track
Device_3,2024-11-11 19:58:00,3122,100,250,35,Cycling,0.9308542204834236,28.359192727116906,Gym
Device_10,2024-11-14 19:20:00,4993,147,440,26,Running,0.9611180315864243,20.235982067504327,Park
Device_7,2024-11-11 20:42:00,3234,116,318,41,Running,0.9400796122775934,28.819908486970196,Park
Device_1,2024-11-08 10:00:00,1553,179,198,59,Walking,0.9018691782870343,26.352742724455698,Track
Device_3,2024-11-09 10:01:00,4761,65,231,51,Sedentary,0.8997999306937411,24.96788866933767,Gym
Device_5,2024-11-09 22:12:00,4190,74,257,50,Walking,0.8928207521301248,20.728918232808716,Park
Device_2,2024-11-07 10:55:00,174,61,377,38,Sedentary,0.9385064311211141,21.055867237078004,Track
Device_10,2024-11-07 11:08:00,3299,83,382,35,Walking,0.9441698978780554,24.848137394068083,Classroom
Device_3,2024-11-08 23:12:00,919,113,385,55,Running,0.855069805497731,22.979877086905805,Track
Device_2,2024-11-07 11:34:00,3261,156,75,45,Sedentary,0.9038050996581553,20.107254812869705,Classroom
Device_7,2024-11-13 23:34:00,4552,170,178,59,Cycling,0.9056716055943059,20.289184082586743,Park
Device_7,2024-11-08 00:00:00,4105,150,202,20,Sedentary,0.9463428429317069,22.130306761220776,Park
Device_3,2024-11-12 00:22:00,2653,154,155,38,Sedentary,0.9041034339828797,24.83447030089164,Gym
Device_3,2024-11-08 00:28:00,2567,140,257,32,Sedentary,0.8734723470218387,24.32228375504991,Park
Device_9,2024-11-10 00:54:00,1018,176,352,17,Walking,0.876447973525978,26.155440074455054,Park
Device_5,2024-11-06 12:44:00,2683,74,374,45,Cycling,0.9370831248424588,29.029221871032306,Park
Device_2,2024-11-11 13:45:00,3073,177,225,25,Cycling,0.9361933757890178,20.04906773259037,Classroom
Device_10,2024-11-07 13:18:00,4260,131,87,13,Walking,0.8699882038505695,24.444671652485322,Park
Device_1,2024-11-09 13:59:00,1009,142,462,55,Running,0.9306791520698637,24.894372993075258,Gym
Device_2,2024-11-13 15:20:00,4707,169,470,55,Running,0.8710708319588621,25.791661987294667,Track
Device_7,2024-11-15 16:21:00,1904,117,119,31,Running,0.9006536997971681,28.514133827232442,Classroom
Device_2,2024-11-10 15:10:00,4213,164,260,46,Walking,0.8930162834642509,20.357139068637167,Track
Device_6,2024-11-07 02:12:00,1244,171,77,36,Sedentary,0.993707510043079,23.582136762510938,Park
Device_9,2024-11-12 16:36:00,4757,173,302,10,Cycling,0.9027969148479436,28.51200251206349,Park
Device_3,2024-11-11 04:20:00,1675,149,363,15,Cycling,0.9424410365397442,25.103217520164424,Park
Device_7,2024-11-07 15:02:00,4127,164,172,11,Walking,0.9712044170771214,26.855795390248645,Park
Device_6,2024-11-10 04:30:00,3187,165,58,19,Cycling,0.962543404472193,29.646546679920057,Park
Device_6,2024-11-06 02:40:00,1666,95,202,12,Sedentary,0.87011087463869,26.935544625548875,Gym
Device_9,2024-11-15 20:13:00,2294,74,354,33,Running,0.9881210763833554,25.458968462917195,Gym
Device_7,2024-11-12 18:54:00,1376,60,248,54,Running,0.8677534747387452,20.044377031712575,Gym
Device_7,2024-11-07 03:48:00,2898,169,308,13,Walking,0.87019809925748,26.789639376203837,Park
Device_1,2024-11-08 04:40:00,950,172,189,14,Walking,0.9994154378459513,29.171086797715468,Gym
Device_8,2024-11-15 22:09:00,1259,118,412,22,Sedentary,0.9901756630768319,28.32715655439967,Gym
Device_3,2024-11-11 07:20:00,3451,146,396,24,Cycling,0.9791004505815515,24.68752125549836,Park
Device_6,2024-11-07 04:36:00,4120,92,246,32,Sedentary,0.9864179759442121,24.544091297579126,Track
Device_4,2024-11-13 22:00:00,965,90,184,24,Sedentary,0.8888375638784067,25.75141947170168,Track
Device_5,2024-11-13 10:00:00,3529,112,186,14,Cycling,0.8738900927851491,24.637056182233707,Classroom
Device_2,2024-11-07 05:12:00,3209,112,167,40,Running,0.9779028878308956,22.04110565666368,Classroom
Device_3,2024-11-07 17:51:00,2815,174,476,43,Running,0.8834694976563154,25.966979212491395,Track
Device_1,2024-11-10 08:24:00,469,167,339,11,Cycling,0.9771504780868818,28.797008880695437,Park
Device_6,2024-11-15 13:32:00,1439,160,331,56,Cycling,0.9872394279593169,23.99736691141368,Track
Device_6,2024-11-13 12:00:00,372,79,296,37,Cycling,0.9967314594977134,24.786076003809825,Track
Device_2,2024-11-09 08:16:00,4163,134,215,31,Running,0.9503854193622283,20.990724481254947,Classroom
Device_8,2024-11-13 12:48:00,4151,149,379,34,Sedentary,0.8534854661591347,23.098329386673285,Park
Device_7,2024-11-11 23:33:00,3709,122,407,44,Cycling,0.8977333865406517,25.231259093364248,Gym
Device_3,2024-11-10 10:12:00,494,92,183,29,Sedentary,0.8977581768565662,27.041612840217567,Gym
Device_4,2024-11-09 09:20:00,1369,168,231,58,Running,0.9310626565459533,24.64305595706692,Park
Device_4,2024-11-11 12:00:00,3882,127,456,51,Running,0.8859309970258917,27.163700557102878,Park
Device_10,2024-11-16 18:30:00,3499,86,164,11,Walking,0.8560637749113198,29.050391625921115,Classroom
Device_3,2024-11-15 17:44:00,2118,89,446,49,Running,0.8860091904365253,22.864268622093242,Track
Device_1,2024-11-09 10:24:00,1197,171,384,22,Running,0.9355643626914627,29.526073282807452,Gym
Device_6,2024-11-07 08:00:00,2814,145,498,46,Running,0.9555624243802741,21.864178763936312,Track
Device_5,2024-11-13 16:24:00,361,72,175,42,Running,0.962933947043275,20.644295527886538,Track
Device_9,2024-11-09 11:12:00,2127,166,389,36,Cycling,0.9233717055591715,28.55183892226324,Classroom
Device_8,2024-11-08 10:02:00,4046,153,332,28,Running,0.8508803399556402,20.909727740381577,Classroom
Device_1,2024-11-11 14:40:00,2293,141,358,59,Walking,0.9745665636757759,23.732294741458432,Gym
Device_6,2024-11-11 15:00:00,844,134,447,14,Cycling,0.8893912475258996,20.772940952752798,Track
Device_5,2024-11-10 13:48:00,2431,68,180,25,Running,0.9087471027696661,25.056424170433942,Classroom
Device_2,2024-11-12 17:14:00,1132,75,74,52,Running,0.9781229978756716,23.78775591548243,Gym
Device_8,2024-11-11 16:00:00,997,166,438,56,Walking,0.8965688569692821,24.84241436591084,Park
Device_10,2024-11-12 17:58:00,3484,139,436,34,Running,0.869265084394983,26.656567856796034,Track
Device_4,2024-11-11 16:40:00,1572,124,286,49,Cycling,0.8501505128585816,26.4174046966456,Gym
Device_8,2024-11-16 12:39:00,837,144,490,36,Running,0.9780589714544059,21.093233085230626,Park
Device_2,2024-11-10 15:36:00,549,100,202,41,Sedentary,0.9189044633390987,21.877329528196142,Classroom
Device_8,2024-11-12 19:26:00,739,88,135,51,Cycling,0.8750070293326674,22.06433912374584,Track
Device_2,2024-11-12 19:48:00,2780,126,244,36,Running,0.9387129620795771,20.284666432434367,Park
Device_9,2024-11-13 09:05:00,248,74,413,27,Running,0.9960250528484296,28.827249325217124,Track
Device_10,2024-11-11 05:44:00,1112,73,444,41,Running,0.9261407777280536,23.007973719297965,Gym
Device_1,2024-11-08 00:21:00,1637,133,123,15,Sedentary,0.869767410915067,25.364422368232027,Track
Device_9,2024-11-07 11:36:00,2842,150,52,30,Sedentary,0.9135185734222792,27.00390830808531,Classroom
Device_9,2024-11-06 09:50:00,1223,163,77,49,Walking,0.9363608749645804,26.97180300921817,Track
Device_7,2024-11-10 18:00:00,580,128,52,54,Sedentary,0.9741054536543664,21.15950084927701,Track
Device_1,2024-11-06 10:10:00,4854,129,263,32,Sedentary,0.9203771341305181,28.863005371519815,Gym
Device_7,2024-11-09 16:32:00,2097,178,248,53,Running,0.8746052547633292,29.281025454368837,Gym
Device_8,2024-11-16 18:27:00,2548,110,203,34,Walking,0.9476754095786957,25.035950298898264,Gym
Device_10,2024-11-06 10:40:00,4725,123,188,35,Cycling,0.9896081241062247,27.925718917862707,Park
Device_4,2024-11-08 15:10:00,1999,142,280,29,Running,0.8983559044088827,28.702952510114642,Track
Device_6,2024-11-11 22:00:00,4223,115,414,48,Sedentary,0.992357355767333,27.691774766496007,Gym
Device_8,2024-11-09 17:52:00,3403,82,379,58,Running,0.9237526104279984,27.751093620034858,Gym
Device_1,2024-11-16 07:44:00,2559,150,99,30,Sedentary,0.8880580370998156,22.857676477582675,Gym
Device_6,2024-11-13 01:18:00,3378,75,392,16,Sedentary,0.871317376387126,26.016853170951023,Track
Device_1,2024-11-14 17:10:00,2639,104,225,13,Sedentary,0.8925158529209086,27.671735346875185,Track
Device_9,2024-11-13 15:13:00,2818,91,238,20,Walking,0.9855705463566781,25.76866002104378,Classroom
Device_2,2024-11-16 09:36:00,2660,139,268,30,Running,0.8920648652358457,22.75564914365163,Track
Device_10,2024-11-07 01:23:00,349,141,179,22,Running,0.8989829658102951,20.185992404860695,Track
Device_5,2024-11-11 11:26:00,2707,109,171,47,Cycling,0.8911112728656514,24.115313823569615,Park
Device_9,2024-11-06 12:30:00,2332,108,156,33,Running,0.9683424908368963,20.39582507925149,Classroom
Device_4,2024-11-12 14:36:00,2139,96,430,59,Running,0.9865723564486881,20.464793346727554,Park
Device_9,2024-11-10 23:06:00,2728,81,439,50,Running,0.9586356637786804,29.172854249728825,Park
Device_9,2024-11-07 02:18:00,705,95,165,33,Running,0.8617615010249686,20.03246325720805,Track
Device_3,2024-11-13 04:58:00,4633,72,399,56,Walking,0.9373046292964199,22.840792442449658,Track
Device_2,2024-11-16 00:00:00,1979,128,466,26,Walking,0.9813860830309427,21.981544034462967,Park
Device_8,2024-11-11 13:39:00,1276,67,84,47,Running,0.888426521012515,20.808190523650545,Track
Device_7,2024-11-09 08:30:00,2533,179,445,23,Cycling,0.9379248086883305,22.621586588574594,Park
Device_10,2024-11-17 04:07:00,4794,160,174,54,Running,0.973474205146936,23.50382287615891,Track
Device_10,2024-11-10 11:48:00,3075,97,371,46,Running,0.8880176487556943,24.035888392094265,Gym
Device_7,2024-11-08 19:50:00,4954,67,280,17,Running,0.914159151844881,26.729397624761408,Track
Device_10,2024-11-16 16:08:00,978,106,425,41,Walking,0.9347448587158769,21.499776022769627,Classroom
Device_5,2024-11-14 10:48:00,1265,88,483,30,Walking,0.9565791148623534,22.18634072384628,Track
Device_10,2024-11-13 21:44:00,1997,135,83,25,Sedentary,0.9783509628086281,26.561194245542573,Classroom
Device_9,2024-11-17 20:30:00,1580,101,257,36,Cycling,0.8801032273645563,24.78664248105072,Track
Device_9,2024-11-16 04:30:00,3999,165,347,43,Walking,0.9907796028874691,25.992055764714163,Park
Device_8,2024-11-10 13:47:00,1022,146,335,15,Sedentary,0.8901290127339625,25.70009132966684,Gym
Device_9,2024-11-07 04:52:00,1972,158,387,59,Running,0.9332322086673516,27.69011356952433,Park
Device_2,2024-11-07 05:03:00,3172,104,105,43,Cycling,0.945227140582692,20.60256124022704,Park
Device_9,2024-11-09 11:30:00,2602,176,481,38,Running,0.8738144939864513,27.47353538155214,Classroom
Device_5,2024-11-13 10:50:00,270,128,208,13,Sedentary,0.9921233996614159,26.538116824584552,Track
Device_4,2024-11-08 22:24:00,3308,92,106,40,Running,0.873825849503511,24.516626114873105,Classroom
Device_8,2024-11-14 14:48:00,4285,95,448,10,Running,0.8955328779321045,21.06135601096209,Classroom
Device_2,2024-11-12 08:40:00,2149,63,84,37,Running,0.9346894487948484,26.032561634088793,Gym
Device_2,2024-11-12 09:00:00,2922,142,262,50,Walking,0.8766678197488388,28.44906252871201,Park
Device_5,2024-11-16 09:00:00,4187,97,241,46,Running,0.8528628254778599,22.83057368932333,Classroom
Device_6,2024-11-10 02:56:00,2166,156,345,23,Cycling,0.9480364689806559,25.797739848833732,Classroom
Device_3,2024-11-06 17:00:00,931,153,393,27,Walking,0.9469823379930975,25.005078217226966,Classroom
Device_3,2024-11-07 20:36:00,1720,126,213,21,Sedentary,0.9422994189828209,25.36865643139491,Classroom
Device_3,2024-11-09 00:16:00,2825,149,394,22,Sedentary,0.9622319737464631,22.294387882939425,Park
Device_9,2024-11-08 10:45:00,1067,117,421,47,Running,0.8883902661258383,29.49140254412527,Track
Device_1,2024-11-17 15:14:00,260,140,445,31,Running,0.9248360873102123,25.387061743905207,Gym
Device_5,2024-11-17 15:43:00,1695,65,182,28,Sedentary,0.9214704031281931,29.3343889661983,Track
Device_3,2024-11-09 01:12:00,1879,121,206,50,Sedentary,0.8573959675496199,27.86834546446363,Gym
Device_10,2024-11-14 19:36:00,2248,169,363,15,Running,0.9937064896858945,21.673415124128212,Park
Device_10,2024-11-18 07:00:00,2766,162,192,37,Walking,0.9258185835538006,28.6161218396197,Park
Device_10,2024-11-09 15:45:00,4143,100,50,42,Cycling,0.9101761727832604,26.528036177442203,Park
Device_10,2024-11-18 08:00:00,1712,121,423,58,Running,0.8559990470269894,22.19942944182993,Classroom
Device_4,2024-11-16 14:51:00,2908,76,160,50,Running,0.9353995858451899,24.489527634595994,Classroom
Device_2,2024-11-17 19:06:00,3794,92,461,10,Walking,0.9305384654369188,25.046201592668083,Gym
Device_7,2024-11-09 02:50:00,4182,124,195,56,Cycling,0.998108823010789,24.56908894275648,Park
Device_4,2024-11-11 10:48:00,3343,141,292,28,Sedentary,0.905212322436708,22.63232305845157,Gym
Device_1,2024-11-11 11:06:00,239,84,99,22,Walking,0.9417985443239792,23.312940417843848,Track
Device_1,2024-11-12 15:20:00,4963,123,450,21,Running,0.9287606854223254,26.646808140461484,Track
Device_9,2024-11-16 03:34:00,77,165,326,36,Running,0.993878052644477,26.4539103208037,Park
Device_6,2024-11-12 16:00:00,2889,129,415,54,Running,0.9373700015564812,23.81911041036992,Classroom
Device_8,2024-11-17 22:29:00,1534,98,275,10,Cycling,0.9594616725309139,29.06791405741143,Park
Device_3,2024-11-07 10:22:00,2698,160,497,56,Running,0.927299844862383,24.1183485713601,Park
Device_9,2024-11-11 12:54:00,2482,111,223,57,Sedentary,0.8765747374677901,20.065075480753283,Park
Device_5,2024-11-08 00:48:00,4183,60,330,26,Cycling,0.9389633296290992,24.960596392493194,Park
Device_6,2024-11-16 20:15:00,793,109,357,22,Cycling,0.8512777968958398,26.670013878341607,Park
Device_2,2024-11-18 00:54:00,1927,61,70,43,Running,0.949560365224771,27.77456059738348,Park
Device_7,2024-11-13 08:27:00,4495,111,93,40,Cycling,0.8797065754085861,21.83339206581116,Park
Device_6,2024-11-15 03:12:00,784,103,216,14,Sedentary,0.8705159540046018,21.571747149999513,Gym
Device_6,2024-11-12 04:51:00,3989,60,82,24,Cycling,0.8833421837685544,21.251135512403515,Park
Device_1,2024-11-06 21:40:00,3872,115,436,47,Walking,0.9250009962889004,27.401674230390068,Park
Device_10,2024-11-18 17:30:00,3530,100,354,43,Sedentary,0.9554639657302113,22.755849693528102,Park
Device_9,2024-11-15 04:48:00,3401,118,415,37,Walking,0.9715935547517071,23.284869110327413,Park
Device_1,2024-11-15 19:25:00,1125,153,261,38,Walking,0.9701750684024827,25.780481632666568,Track
Device_4,2024-11-18 19:00:00,676,110,364,55,Cycling,0.919079906993915,20.467895310222968,Track
Device_2,2024-11-14 01:30:00,2594,140,289,47,Walking,0.942819368518521,20.1733164473897,Gym
Device_5,2024-11-10 12:16:00,1490,171,359,18,Walking,0.971122304080859,29.642420146764085,Park
Device_9,2024-11-13 11:57:00,3441,118,216,31,Cycling,0.9764590322900033,29.417968705446803,Track
Device_4,2024-11-12 07:42:00,4222,80,132,13,Walking,0.9286051340955357,23.944806003547626,Track
Device_7,2024-11-12 08:01:00,4385,147,444,56,Cycling,0.9231249635037732,25.142450127443688,Park
Device_9,2024-11-11 03:40:00,492,127,123,17,Sedentary,0.940042671244702,27.06978609004414,Classroom
Device_2,2024-11-10 13:36:00,4724,94,170,34,Walking,0.905505188519149,23.399695492520447,Park
Device_4,2024-11-07 14:02:00,2489,81,475,50,Walking,0.8727747990488236,28.07301165451986,Track
Device_4,2024-11-18 09:07:00,3342,80,330,12,Cycling,0.9242443650732243,28.036369629352933,Park
Device_5,2024-11-08 04:48:00,3737,117,58,21,Sedentary,0.9478394580162193,29.22071930779837,Track
Device_5,2024-11-13 00:20:00,3305,120,494,11,Walking,0.8689113335034798,23.803606284290623,Gym
Device_8,2024-11-07 00:20:00,395,109,251,58,Cycling,0.9925892039817877,28.35075028713971,Park
Device_10,2024-11-10 00:45:00,3027,137,230,43,Sedentary,0.8562489591217312,29.661193888731873,Classroom
Device_9,2024-11-07 15:08:00,2553,116,378,19,Running,0.8658881756093043,27.49457025696794,Gym
Device_7,2024-11-07 00:50:00,309,122,352,50,Running,0.9188137818603717,22.564038504669742,Gym
Device_9,2024-11-08 20:30:00,3203,134,62,45,Running,0.9522882393408377,29.519047621408916,Track
Device_6,2024-11-08 20:43:00,2907,84,159,43,Walking,0.8725273183437641,23.068417288797274,Classroom
Device_5,2024-11-11 21:36:00,1291,81,445,15,Cycling,0.9546126410396062,27.237992776838244,Track
Device_1,2024-11-11 21:54:00,2760,88,319,54,Cycling,0.9868526806481164,26.097787111966326,Park
Device_2,2024-11-14 23:02:00,2553,68,463,53,Running,0.8715184521835587,26.988469568835683,Track
Device_4,2024-11-16 04:35:00,3816,123,141,32,Running,0.9586378127264574,23.994201975121793,Gym
Device_5,2024-11-12 13:24:00,2968,133,496,10,Sedentary,0.8905578565560663,20.620584886698506,Gym
Device_9,2024-11-13 18:57:00,271,166,453,51,Running,0.9502247531239364,23.717516448997785,Track
Device_6,2024-11-07 16:58:00,23,74,268,18,Cycling,0.9678830351447855,24.24461697894119,Classroom
Device_6,2024-11-10 03:45:00,3092,164,163,19,Running,0.8968544804253117,25.189555552366247,Classroom
Device_5,2024-11-18 02:40:00,2797,129,498,22,Cycling,0.9813735395705707,22.079404271991542,Classroom
Device_10,2024-11-12 14:59:00,4805,69,93,59,Sedentary,0.9848689044064265,29.00280846136319,Park
Device_6,2024-11-12 15:18:00,2984,96,207,44,Running,0.9238718552868324,23.05339897381644,Gym
Device_3,2024-11-18 18:47:00,843,62,327,53,Walking,0.8977289241149057,22.645707667325347,Park
Device_4,2024-11-10 19:44:00,2675,85,443,54,Walking,0.8920317895480391,22.224790516792332,Track
Device_1,2024-11-15 18:00:00,4712,98,105,48,Sedentary,0.9707283611713164,28.798374612022,Park
Device_2,2024-11-08 23:58:00,4135,162,356,32,Walking,0.8594710028770637,25.853841378771975,Track
Device_3,2024-11-10 05:45:00,347,169,159,26,Walking,0.9591750703084636,23.20202744710955,Track
Device_9,2024-11-13 08:00:00,1019,153,207,16,Running,0.9914052794473528,25.060157114955643,Classroom
Device_7,2024-11-18 06:52:00,1155,145,294,58,Running,0.9050153200950433,24.752161790553465,Track
Device_9,2024-11-15 20:00:00,1154,177,55,55,Walking,0.8741635785433778,26.495235106781344,Classroom
Device_1,2024-11-17 16:57:00,3125,134,55,27,Running,0.9130603279678302,26.423145664091862,Classroom
Device_2,2024-11-12 03:36:00,3958,113,484,22,Sedentary,0.881328393370136,24.702731839844915,Gym
Device_6,2024-11-12 03:54:00,3320,99,177,15,Cycling,0.863281602339252,26.690952526728985,Track
Device_8,2024-11-18 09:12:00,4303,147,321,52,Sedentary,0.8792064503985637,29.770144476591284,Track
Device_7,2024-11-07 20:05:00,2620,137,278,57,Sedentary,0.9345766965493082,20.611536111691755,Gym
Device_8,2024-11-07 20:16:00,1276,79,149,40,Walking,0.9825493922258359,27.12603632978579,Classroom
Device_8,2024-11-17 04:42:00,3667,176,307,11,Walking,0.8617773284868531,23.793688599929055,Gym
Device_10,2024-11-08 11:36:00,285,87,87,11,Walking,0.8700706762458346,29.31989157563558,Gym
Device_1,2024-11-10 23:44:00,4455,133,473,44,Cycling,0.8584662849761748,26.29160274414744,Gym
Device_3,2024-11-16 15:00:00,2919,121,418,39,Sedentary,0.912128157210389,23.267391377917324,Park
Device_3,2024-11-11 00:16:00,3951,159,61,10,Walking,0.9778147098678178,25.954928205109198,Classroom
Device_10,2024-11-08 12:24:00,8,111,303,11,Sedentary,0.9118776315518435,28.810238101660836,Classroom
Device_4,2024-11-14 19:06:00,3613,165,54,44,Cycling,0.9065435538091148,23.489570736741403,Park
Device_8,2024-11-12 07:12:00,1465,164,203,38,Cycling,0.9669398556540001,21.849355030826395,Park
Device_7,2024-11-09 04:05:00,1236,82,322,27,Cycling,0.8870263541549452,23.732469598424135,Classroom
Device_4,2024-11-17 23:42:00,1973,163,497,38,Cycling,0.9804739212919931,22.58004160061728,Park
Device_1,2024-11-18 15:16:00,3605,135,414,43,Running,0.9704924137421748,24.284821545591903,Park
Device_3,2024-11-07 07:20:00,3498,158,261,34,Walking,0.9359266909299132,25.28665268733717,Classroom
Device_5,2024-11-08 13:48:00,2438,137,215,42,Running,0.8961462913437154,25.68195273586788,Park
Device_7,2024-11-12 09:00:00,2782,62,272,19,Walking,0.949575135704207,24.47692866081399,Track
Device_1,2024-11-13 15:40:00,4027,147,400,58,Cycling,0.873925289125082,25.18984481122761,Track
Device_5,2024-11-10 12:00:00,1214,104,433,33,Running,0.9984868159373168,26.58298819973421,Gym
Device_9,2024-11-10 12:15:00,997,96,333,53,Sedentary,0.8707507010225095,21.306939963451704,Park
Device_6,2024-11-20 01:00:00,1258,159,177,28,Cycling,0.989751158458942,20.472321835606508,Classroom
Device_7,2024-11-13 17:00:00,4227,74,393,43,Walking,0.8542644496135701,27.823584796978942,Gym
Device_7,2024-11-14 23:52:00,3555,78,149,38,Walking,0.9503174579811563,23.38758026717231,Park
Device_2,2024-11-11 19:49:00,3435,85,294,59,Sedentary,0.9537871006743381,21.375458842845283,Park
Device_7,2024-11-08 15:36:00,226,164,368,50,Running,0.9697365789307433,26.503930642056957,Track
Device_2,2024-11-18 20:52:00,2221,84,362,53,Sedentary,0.8595500867847472,21.363777189865115,Park
Device_7,2024-11-15 01:20:00,337,135,446,56,Cycling,0.8872948538899915,29.368927882704966,Park
Device_10,2024-11-08 16:12:00,1452,164,228,39,Running,0.9992864341457338,27.915537937456012,Track
Device_9,2024-11-12 12:36:00,1678,73,187,17,Walking,0.8988615169552358,26.456126212991236,Park
Device_5,2024-11-16 09:12:00,3108,95,132,27,Walking,0.901688848921958,23.693274058145267,Gym
Device_8,2024-11-12 13:12:00,466,81,230,43,Walking,0.8731266139523203,22.58351758986259,Track
Device_8,2024-11-18 08:15:00,1099,83,384,28,Walking,0.9407213522359006,29.43342211647156,Classroom
Device_7,2024-11-19 00:08:00,2853,106,307,58,Sedentary,0.9589802124452643,20.44308353704696,Gym
Device_5,2024-11-11 07:12:00,1235,124,448,14,Running,0.9497299853873489,24.219101210674168,Classroom
Device_9,2024-11-14 12:48:00,4633,125,393,19,Running,0.8756707663224093,27.679548102054355,Park
Device_6,2024-11-13 21:40:00,3395,166,155,39,Running,0.9359199280582946,22.03854991151048,Park
Device_9,2024-11-11 23:30:00,654,142,463,55,Walking,0.8570856524888705,27.64298128564722,Track
Device_2,2024-11-10 16:45:00,85,132,481,59,Cycling,0.8528177183638085,29.368574240566762,Gym
Device_3,2024-11-18 11:24:00,458,123,294,11,Sedentary,0.8948063411016705,25.559668336706906,Park
Device_2,2024-11-10 01:42:00,2836,77,261,30,Walking,0.988764504995949,28.118144958096387,Track
Device_1,2024-11-18 12:18:00,3781,67,120,17,Running,0.8584376682235119,28.83327162617143,Classroom
Device_7,2024-11-15 06:50:00,478,109,180,20,Cycling,0.912569826701032,27.04407794637379,Gym
Device_1,2024-11-07 12:00:00,484,164,111,54,Running,0.9847079252282366,26.3544388874422,Classroom
Device_1,2024-11-10 18:15:00,4159,177,167,18,Cycling,0.9460102643309692,23.522142095903632,Park
Device_9,2024-11-14 16:18:00,2693,64,372,27,Running,0.9298547047273209,22.089141292251327,Track
Device_10,2024-11-11 10:24:00,58,136,246,42,Running,0.9172372252131289,27.799796808345484,Park
Device_8,2024-11-11 10:40:00,4482,112,285,17,Walking,0.9427383044416708,24.275779129512543,Park
Device_9,2024-11-12 02:37:00,3513,147,287,44,Sedentary,0.9538893281406852,26.629727822603236,Classroom
Device_2,2024-11-12 18:36:00,1125,164,157,41,Walking,0.9478010838583465,21.137845942762187,Gym
Device_9,2024-11-10 04:02:00,1397,137,282,25,Walking,0.9249668454129323,24.804903012697423,Track
Device_9,2024-11-20 00:16:00,3434,167,147,16,Running,0.9610265065544735,23.67610659751223,Classroom
Device_9,2024-11-17 09:45:00,4965,119,215,33,Cycling,0.8665651230398324,27.93202367492661,Classroom
Device_2,2024-11-18 01:56:00,3245,154,254,13,Walking,0.969242898848212,27.64855592030996,Gym
Device_9,2024-11-18 02:22:00,4660,174,188,23,Walking,0.9532509532439232,25.454125000516434,Track
Device_10,2024-11-10 05:12:00,1481,112,277,16,Cycling,0.9787666222982149,20.38727361379907,Classroom
Device_5,2024-11-19 10:52:00,3978,107,435,21,Sedentary,0.8578461149627042,29.69863364398355,Park
Device_10,2024-11-20 19:00:00,4729,104,461,19,Walking,0.97674421866905,28.068584104798298,Park
Device_9,2024-11-18 04:06:00,107,126,467,54,Walking,0.9848130572197685,25.988108244183753,Gym
Device_3,2024-11-20 04:08:00,2116,111,58,16,Running,0.945879333336563,23.711084536000754,Park
Device_5,2024-11-12 06:01:00,189,92,131,19,Running,0.9570732788703024,26.60730663319686,Park
Device_10,2024-11-10 06:36:00,335,119,105,24,Sedentary,0.8886817132959406,23.416532765700634,Park
Device_6,2024-11-20 05:35:00,3276,161,462,43,Sedentary,0.8606687392896027,25.74191629145821,Park
Device_9,2024-11-18 22:12:00,1472,166,177,27,Running,0.9973396779934033,28.286402962726196,Classroom
Device_8,2024-11-10 23:15:00,3263,70,244,30,Cycling,0.9174407968256337,28.498068041579657,Track
Device_3,2024-11-19 15:04:00,4737,61,61,24,Walking,0.8645498415461718,29.89184664456114,Park
Device_3,2024-11-10 23:45:00,1563,131,100,32,Running,0.9792795571030738,22.534048788129397,Classroom
Device_4,2024-11-21 00:00:00,1482,170,166,16,Cycling,0.8746534907914961,27.862408808120847,Gym
Device_3,2024-11-11 00:15:00,4907,82,339,29,Running,0.9309149861874108,25.633280748911787,Park
Device_6,2024-11-14 08:40:00,2615,168,294,11,Running,0.9906012190279693,24.74386815488796,Gym
Device_9,2024-11-09 00:36:00,4917,127,151,23,Running,0.9529563943958407,22.411663163213362,Gym
Device_6,2024-11-11 17:04:00,3904,83,389,28,Sedentary,0.9619089439773421,20.445885434472157,Park
Device_7,2024-11-08 08:55:00,3892,175,67,13,Sedentary,0.8977227707550186,27.413802325051932,Track
Device_5,2024-11-08 09:06:00,4163,74,279,12,Running,0.9056198919787853,23.89580353716186,Park
Device_3,2024-11-16 10:41:00,334,66,363,33,Sedentary,0.9569496109556319,22.854081214749193,Classroom
Device_9,2024-11-09 01:36:00,4658,108,175,27,Walking,0.9596388444689992,27.187344970628622,Track
Device_10,2024-11-09 17:57:00,4777,122,130,31,Sedentary,0.9423382339470115,24.4405797365815,Track
Device_3,2024-11-19 04:30:00,3561,68,421,36,Walking,0.9844507433142562,29.735723985989324,Track
Device_2,2024-11-10 10:34:00,3175,160,467,41,Running,0.9767189703412889,27.453563473113224,Park
Device_8,2024-11-14 12:00:00,3412,90,132,29,Walking,0.9516572378796964,21.93395399914753,Classroom
Device_10,2024-11-11 03:15:00,172,80,188,24,Walking,0.9894450488665696,28.24273522481169,Gym
Device_7,2024-11-13 04:12:00,4585,84,435,23,Sedentary,0.9609313082204187,26.75074312812701,Gym
Device_6,2024-11-16 13:45:00,3725,116,232,26,Running,0.8815020285500642,25.547248632780885,Park
Device_2,2024-11-17 22:40:00,3924,123,349,25,Sedentary,0.8917489426442674,29.941021971294784,Track
Device_1,2024-11-20 16:13:00,1252,82,412,34,Running,0.9504655372182937,29.35992676622235,Track
Device_7,2024-11-16 14:54:00,1012,93,104,16,Sedentary,0.9416507144490429,22.870816147363577,Park
Device_9,2024-11-08 11:29:00,2481,81,336,18,Cycling,0.9141683957853978,21.991246007262088,Classroom
Device_1,2024-11-13 22:20:00,1538,145,323,27,Cycling,0.8540183935631467,27.405318833681825,Track
Device_1,2024-11-15 07:21:00,4175,95,72,52,Sedentary,0.8950528564124675,26.34988694032502,Classroom
Device_8,2024-11-20 02:16:00,658,70,279,41,Cycling,0.8799801858351178,21.354064532054913,Track
Device_2,2024-11-18 01:35:00,218,73,407,21,Sedentary,0.878436717990148,26.782836303273417,Track
Device_7,2024-11-07 20:00:00,2642,155,370,38,Running,0.8932381173593845,28.282829030340054,Classroom
Device_1,2024-11-13 23:55:00,3298,167,475,56,Running,0.9212495229260975,21.371992867287773,Gym
Device_10,2024-11-09 05:12:00,4110,165,243,30,Running,0.9234153688507856,22.475993734174313,Park
Device_10,2024-11-21 13:30:00,4868,103,113,52,Walking,0.9841712786055383,21.906731181803657,Gym
Device_6,2024-11-12 15:56:00,296,169,371,47,Cycling,0.9757597062600347,26.47810198136642,Track
Device_3,2024-11-21 14:30:00,982,158,188,38,Sedentary,0.9612625207807313,20.681206846038748,Track
Device_2,2024-11-14 18:00:00,3416,142,445,44,Walking,0.8722265253947619,23.800966986475302,Track
Device_7,2024-11-12 16:47:00,3827,62,446,10,Sedentary,0.850933045178571,27.213560473241326,Track
Device_4,2024-11-10 15:28:00,3348,110,476,32,Cycling,0.8757476203388018,27.959379696663436,Gym
Device_7,2024-11-19 14:51:00,522,132,173,51,Cycling,0.8955913160890788,23.341035791905206,Track
Device_6,2024-11-21 17:00:00,2325,117,339,43,Walking,0.9659450273876894,24.618307723531853,Park
Device_10,2024-11-14 03:05:00,3805,80,406,46,Walking,0.8642044138521017,22.246470206695946,Track
Device_7,2024-11-09 23:48:00,4666,82,487,44,Sedentary,0.9043253330744982,21.26794876827575,Gym
Device_8,2024-11-10 00:01:00,664,112,332,50,Cycling,0.911629112240066,22.593124262747164,Park
Device_2,2024-11-09 07:36:00,2888,79,169,56,Cycling,0.9995740798186403,23.18202063167506,Gym
Device_1,2024-11-16 06:18:00,2593,120,241,10,Running,0.8702914932790459,23.68240399832944,Track
